Alias,SubmissionTime,LapCount,AvgLapTime,BestLapTime,TotalLapTime,AvgResets,CollisionCount,OffTrackCount,ResetCount,SubmissionCount,Rank,LeaderboardSubmissionStatusType,RankingScore,UserId,TeamName
PoChun-NCTU-CGI,1603738576528,3,19743,19313,59230,0.0,0,0,0,2501,1,SUCCESS,59230,P7SrLqBvRKS2fNy2goovqw,
JJ,1603768595614,3,20667,20198,62003,0.3333333333333333,1,0,1,5538,2,SUCCESS,62003,afdcX_4vRH6Ussd0mbg5LQ,
McMurphy,1603840828250,3,22365,19409,67096,0.3333333333333333,1,0,1,822,3,SUCCESS,67096,hBmKoUwjQ_mahp-kv7jm8A,
ep-dr-racer1,1604056226723,3,23202,22617,69606,0.0,0,0,0,1844,4,SUCCESS,69606,vEZxFEnhQHeI5tKR4Tz3rQ,
JPMC-Rogue-Hyderabad,1603647865003,3,26374,23773,79122,0.6666666666666666,1,1,2,250,5,SUCCESS,79122,LKdw_hyKTSu7moFuxbmiZw,JPMorgan Chase
blueberrypie,1602901688734,3,26838,23139,80516,0.6666666666666666,2,0,2,1580,6,SUCCESS,80516,EmZsQC41RtW5hhxb6z2-xQ,
JonathanRacer,1603188384945,3,27251,25277,81754,0.3333333333333333,0,1,1,1621,7,SUCCESS,81754,nya9ln7uRZ6yFkb9tRzrOw,
Ernesto,1603589457900,3,28068,25011,84204,0.3333333333333333,1,0,1,1983,8,SUCCESS,84204,8zBEAp0-S5yGbcZvytGZGQ,
kimmizian,1602885842839,3,28554,24063,85664,0.6666666666666666,1,1,2,3319,9,SUCCESS,85664,t6NwFsqgS4mYnFeR3KVxsg,
skoota,1604173449034,3,28819,24585,86457,0.6666666666666666,2,0,2,176,10,SUCCESS,86457,-1lhRLeeRTCRUGoxx3ybDA,
Duckworth,1603181465447,3,29170,27128,87510,0.3333333333333333,0,1,1,1831,11,SUCCESS,87510,VIu9BQ4-Th6gUqu60ztwUQ,Accenture
CGS-LargeLattice,1603882064888,3,29703,29220,89110,1.0,2,1,3,160,12,SUCCESS,89110,o6NgljsnTOOelVAsofMR3g,
PolishThunder,1602910759631,3,29983,27892,89950,1.3333333333333333,3,1,4,1707,13,SUCCESS,89950,qi512oGVTry8V-KtP6j2_w,
S-P-,1602944240873,3,30981,25131,92943,1.0,3,0,3,70,14,SUCCESS,92943,MxT5p4ZvSTOcc6ANa8VZNg,
Jianlong,1601729992038,3,33416,28463,100250,0.6666666666666666,1,1,2,1209,15,SUCCESS,100250,vpsHYdBtSIq__1M9j1R21Q,DBS
nalbam-me,1602649811323,3,33848,26895,101544,1.3333333333333333,1,3,4,540,16,SUCCESS,101544,PnRru4vBRkeyT4xX6LOCtw,
Jochem,1604171317566,3,34696,30102,104089,1.6666666666666667,0,5,5,63,17,SUCCESS,104089,RBPhZc5eTVmEF_gpSV7skg,
Mungi,1604019691975,3,36203,28470,108610,1.3333333333333333,1,3,4,39,18,SUCCESS,108610,RgTvucbNQja7yiYbgh2p9A,
UncleGK-DBS,1603947970426,3,37205,31205,111615,1.3333333333333333,4,0,4,4,19,SUCCESS,111615,244me6w0SIqlFPoljSZJsw,DBS
WaveLabCup-test,1604162562138,3,37226,30347,111678,1.3333333333333333,2,2,4,144,20,SUCCESS,111678,VoDpVnVvR6CwWViNtPYWXA,
Matt,1603689913285,3,37383,35187,112150,1.3333333333333333,1,3,4,146,21,SUCCESS,112150,cVk-aYKdRUmuL0qmjyzmag,
Yxcas-DBS,1601601140139,3,37816,33039,113449,1.6666666666666667,5,0,5,3,22,SUCCESS,113449,NdVUBlBJRqiz_zbY7Xn-2g,DBS
ABaykov,1604175564457,3,38356,30797,115070,1.3333333333333333,1,3,4,67,23,SUCCESS,115070,aa28j7SWTd-LxMzvFoj_bA,
JPMC-RogerRabbit,1603735291975,3,38597,32263,115793,3.0,6,3,9,1,24,SUCCESS,115793,DXXOncNRR1iiqhBvpPO-_A,JPMorgan Chase
Tyler1,1604141067710,3,38622,31249,115867,2.3333333333333335,6,1,7,1,25,SUCCESS,115867,__WUQ2m5TtCjeNkJGhNtBw,
RichardFan-dr,1602467521713,3,42115,39675,126346,2.3333333333333335,7,0,7,2,26,SUCCESS,126346,oxm3h2AtTpGqAnGZ4vzYpg,
nbz,1604181353490,3,42612,37270,127838,1.0,3,0,3,131,27,SUCCESS,127838,8FY8Uq37SymGhEe9E3CkLw,
JPMC-HandsFree-London,1604139494368,3,42886,36823,128658,1.0,0,3,3,18,28,SUCCESS,128658,DZAYqyd-Tp6eE15IopWCgQ,JPMorgan Chase
Usin,1603963859216,3,43517,41990,130551,2.3333333333333335,4,3,7,26,29,SUCCESS,130551,0U0AhasoQkySiJ1to8xBZw,
test-race01,1603985463427,3,43818,40636,131456,0.3333333333333333,1,0,1,23,30,SUCCESS,131456,5FdlIEplTAW6oCVTei3Ucg,
Mentaiko-DevelopersIO,1603537821972,3,43922,36620,131767,2.3333333333333335,1,6,7,446,31,SUCCESS,131767,Wt5C8BPAS0OPlzY3-txb-w,
fuchida-MAINICHI,1604161174353,3,44003,30125,132011,2.6666666666666665,1,7,8,37,32,SUCCESS,132011,HGiJghg0TqyXmMhVedqfRw,
SK-DENSO,1604007910382,3,44117,39288,132353,2.3333333333333335,3,4,7,88,33,SUCCESS,132353,OY7PidANQca_8oV6j3LJ2g,
Arcjude,1603022531398,3,44662,37652,133988,2.3333333333333335,5,2,7,7,34,SUCCESS,133988,9uDvvD4JRjWEWMYrxDGdFg,
JPMC-Singapore-Chetak,1604108553657,3,44745,41765,134237,0.6666666666666666,1,1,2,10,35,SUCCESS,134237,LJzDpiNuTFeHu9dsqp1APw,JPMorgan Chase
Kire,1603760701287,3,45811,35492,137435,2.0,3,3,6,70,36,SUCCESS,137435,N0y9CR6fQN-a4UlAFsTC5Q,
think,1603722658212,3,47539,45828,142617,0.0,0,0,0,2840,37,SUCCESS,142617,IHHC4YftQLaMAs0VyXFJzw,
TienHoang-DBS,1604123507538,3,48688,36160,146064,3.3333333333333335,10,0,10,2,38,SUCCESS,146064,6IwkeVP_SV-fxpC-59lOog,DBS
tranvietdung-DBS,1602572252805,3,49676,45047,149029,2.6666666666666665,8,0,8,2,39,SUCCESS,149029,3OwVWi6tQDCpBzKpWfHj7Q,DBS
Asumi,1602800297906,3,51200,47723,153601,3.3333333333333335,2,8,10,7,40,SUCCESS,153601,Uh5qLLBPQ9-M4OuwSQJKpQ,
Test1-2,1603954278045,3,52209,43357,156628,3.6666666666666665,7,4,11,7,41,SUCCESS,156628,-gS_xaU_Rb6RiQhrUSyXLw,
Tracked,1603486318695,3,53009,50228,159028,2.6666666666666665,5,3,8,2,42,SUCCESS,159028,SZC-aFkLTd6eEpSMMv8dEA,
Demo01,1603264094797,3,54386,47594,163160,3.3333333333333335,4,6,10,74,43,SUCCESS,163160,XaDWpf3zQEqZHiWOO7gGvA,
kawatakzk-practice-01,1604027614963,3,54643,47518,163931,1.6666666666666667,3,2,5,31,44,SUCCESS,163931,jy5_7zoaRh68o3X6mU1YwQ,
Team3D-Internal-Race1,1603860343833,3,54809,42702,164429,4.333333333333333,7,6,13,15,45,SUCCESS,164429,5lCt1HnXRXiBB0FnmKAaIg,
n-kaiyugyo,1603924251316,3,55165,53646,165497,1.3333333333333333,1,3,4,490,46,SUCCESS,165497,wXMifvNSThyJvRyry6l2LQ,
satussy777,1603021606225,3,55491,53029,166474,2.6666666666666665,6,2,8,1,47,SUCCESS,166474,IYaF6LtbRWmZE9xBm87JmQ,
CruzRamirez,1602177539670,3,55968,47577,167905,2.3333333333333335,6,1,7,7,48,SUCCESS,167905,Zx_FEQUGTo-DLKNy6O2y-g,
Jozef-Mak,1604055158586,3,56269,45414,168808,4.666666666666667,5,9,14,9,49,SUCCESS,168808,ADtIv73CS7SUDypuGuW-jA,
Galileo,1602431255998,3,56574,51194,169722,3.0,4,5,9,5,50,SUCCESS,169722,Y79AzaaOR-u4LVKMxu1Mdw,
EatMyDust,1603693712569,3,56580,53707,169742,3.3333333333333335,1,9,10,11,51,SUCCESS,169742,4io9QrRzQ522cKZubskGNg,
smith,1602341546284,3,56595,54566,169785,3.3333333333333335,0,10,10,6,52,SUCCESS,169785,WSy4PcvfRmie17lpPBuhdw,
Sid-AABG,1604077810672,3,57558,55786,172676,3.3333333333333335,3,7,10,7,53,SUCCESS,172676,4b8151abbe2749bc9bb6bQ,
RunBabyRun,1601993454600,3,57817,51401,173452,3.0,5,4,9,11,54,SUCCESS,173452,doD1-J-eSrOBOrxWtvFiHg,
Veer,1602306267703,3,58333,50855,175001,2.3333333333333335,1,6,7,196,55,SUCCESS,175001,TvFoQDwKQdezaAencuUZ6A,
Reddy,1603125380716,3,59279,53479,177837,2.0,1,5,6,3,56,SUCCESS,177837,cyon3ekwTRqJ9hMHHUpSxw,
NDiSDE,1604032020340,3,60046,51227,180139,4.666666666666667,5,9,14,10,57,SUCCESS,180139,0sKT6ILNS4yXd70ivpW2Jg,
turbosnail,1604071331894,3,60049,55752,180147,4.0,2,10,12,4,58,SUCCESS,180147,HQnEe7avS9uSxW1aBpQD3w,
MIS3B-1,1604049650855,3,60856,56724,182568,2.0,2,4,6,14,59,SUCCESS,182568,YJPvbNOBRCGZzNevBDuYZw,
TeradaMotors,1604139247635,3,61065,49987,183197,2.3333333333333335,1,6,7,50,60,SUCCESS,183197,k7WwYesVQSmNs3i2ICUNFg,
My-First-League-racer,1604144503314,3,61534,46346,184603,2.3333333333333335,1,6,7,8,61,SUCCESS,184603,0AXsUxXcTC2UHAomSjZj-Q,
zero1962,1603971309491,3,61744,54259,185234,1.3333333333333333,2,2,4,65,62,SUCCESS,185234,9m-TxmlFScSv2BZFElrrtA,
BHAcc-Mark1,1602661900825,3,62458,54096,187375,1.0,2,1,3,4,63,SUCCESS,187375,mfVPvqsbQXmK7IDTCe5tZA,
Aikos-Team-1,1604185029585,3,62861,54470,188583,5.666666666666667,4,13,17,7,64,SUCCESS,188583,yY_FiBuiSZqtK2EIhf9IXA,
SnowFlake,1603427111718,3,62931,57714,188794,3.6666666666666665,0,11,11,83,65,SUCCESS,188794,yDCrtFtNQ42bPWiCUc3wUQ,
IHavenOIdeaWhatIamDoing,1603304387144,3,63276,61593,189830,2.3333333333333335,0,7,7,45,66,SUCCESS,189830,ML4nZcnpRtqG_sDMVHw2Lw,
onepau,1601640804481,3,63541,55058,190625,1.6666666666666667,5,0,5,1,67,SUCCESS,190625,4bC4CaDzTL29JrcNYnFyZw,
DarshikaS,1604039077097,3,63734,52063,191203,5.333333333333333,1,15,16,7,68,SUCCESS,191203,UALqzoNdS1yoqBPizHflsA,
My-First-Deep-Racer,1601721316750,3,64292,55736,192877,4.666666666666667,1,13,14,1,69,SUCCESS,192877,Elcr3Cw7QOG81a4Qc9Fbrw,
totally-not-skynet,1604011041027,3,64434,58915,193304,4.333333333333333,0,13,13,5,70,SUCCESS,193304,9f8d0993873547d5b96b3w,Accenture
Blizzard,1604169829159,3,64706,59807,194119,4.0,0,12,12,29,71,SUCCESS,194119,hRqtYsaxR7-7MtI4O72Lbg,
Johnathan,1603254974182,3,65145,45163,195437,3.6666666666666665,7,4,11,3,72,SUCCESS,195437,nT-0HXcURSaNrx01rBrVjA,
Ryan,1602492510989,3,65896,60551,197688,4.0,2,10,12,5,73,SUCCESS,197688,T8FW9ihrTqykUqZDDaqV-w,
dc1,1603178683136,3,66302,55647,198906,2.6666666666666665,6,2,8,1,74,SUCCESS,198906,ZWa0v_mOTLimxpmytwGSzA,
Merlot,1602332875988,3,66578,58706,199734,5.666666666666667,1,16,17,148,75,SUCCESS,199734,PoW30IvkRCKGiz5bDdvDkg,
WhatDuhHec,1603162632524,3,66904,57723,200713,4.666666666666667,3,11,14,1,76,SUCCESS,200713,zXGWRUFkTbCBXdu0DW6aoA,
ak-star,1603898631803,3,66954,60330,200863,4.0,3,9,12,3,77,SUCCESS,200863,V4yC2pVDRR6za0eAtsUiLA,
Kizashisaki,1602420279309,3,67162,60770,201486,3.3333333333333335,1,9,10,7,78,SUCCESS,201486,ezKXGKnIT2i8kX0PSsqiPA,
yuzutea,1603352175621,3,67276,57088,201829,4.0,5,7,12,34,79,SUCCESS,201829,XFXm-jklR1i6RfkCmqvUvA,
Merfoulis,1604180053672,3,67325,60605,201976,3.3333333333333335,3,7,10,9,80,SUCCESS,201976,ZXo038NgQoikG6lL_A5fVQ,
LigteningMcQueen,1603933078720,3,67719,53945,203158,4.666666666666667,9,5,14,1,81,SUCCESS,203158,XctoYJzASF2Jr6Rq4vamxw,
Kalyani-Sowdamini,1603945343947,3,69870,54492,209610,3.6666666666666665,7,4,11,14,82,SUCCESS,209610,gVBU5r2sTYW6XQwC-SUozQ,
kimwooglae,1602689531843,3,70129,67870,210387,4.333333333333333,0,13,13,2918,83,SUCCESS,210387,bOqKo-ebR_essdUaZVGO4Q,
GG,1602093251962,3,71028,54675,213084,6.0,4,14,18,7,84,SUCCESS,213084,KZA7cWWMSbue9IL5CtST8g,
Smooth-Dan,1603915503283,3,71064,57369,213194,4.333333333333333,6,7,13,9,85,SUCCESS,213194,J7Ih0bOIRMqlM58trUEP4w,
DBro,1601751852629,3,71088,60886,213266,5.0,8,7,15,4,86,SUCCESS,213266,jEkEOpjZRhGUbyDZIfTo_A,
MING-CHUN,1603077375615,3,71152,53785,213458,14.0,3,3,42,2,87,SUCCESS,213458,qoQoafc4RhGMzWx_fwBp4w,
Kimisaki,1602647004517,3,71526,56664,214578,6.666666666666667,1,19,20,4,88,SUCCESS,214578,YDxnZ36sR4yFD5f747mGSA,
BoogieTimeProductions,1602212768345,3,72119,46412,216359,5.666666666666667,13,4,17,1,89,SUCCESS,216359,MUyQlFafT0yFhQr1sApn9Q,
Viper,1602224064116,3,73034,51961,219103,4.666666666666667,1,13,14,10,90,SUCCESS,219103,P4pPI6opSDK1Q15adOfUag,
piano,1602184251308,3,73057,66680,219173,4.666666666666667,4,10,14,1623,91,SUCCESS,219173,UlhPeJD_R1mP1YVlotOxSA,
Arkantos,1602151746144,3,73231,66013,219694,5.333333333333333,3,13,16,4,92,SUCCESS,219694,OWL4ctFkQNisglgVgWcAaw,
r2,1603700483396,3,73725,64792,221176,2.3333333333333335,3,4,7,18,93,SUCCESS,221176,_7ZhpaoVQayDczyc4kJ43A,
vaicarrinho,1604077013773,3,74095,69994,222285,2.0,1,5,6,33,94,SUCCESS,222285,TbYx-2BZSASNsEMrRMpDjQ,
tiago,1603897982779,3,74098,65117,222294,6.666666666666667,0,20,20,18,95,SUCCESS,222294,T51DCM4nQRyJTY40HBuOTw,
jpmark1,1602834632744,3,74120,67040,222362,1.3333333333333333,3,1,4,44,96,SUCCESS,222362,DgjdE-pbSviecR2rI4Nzjw,
ShimizuWU,1603864460914,3,74660,66688,223980,3.3333333333333335,4,6,10,18,97,SUCCESS,223980,30e63150db664afc90298w,
ACNDeepRacer,1603940582642,3,74706,65719,224118,5.666666666666667,2,15,17,3,98,SUCCESS,224118,MyazfNvLQVaEY7jY-CCZ5Q,
ShallowMindRacer,1604093577749,3,74740,54312,224222,5.666666666666667,7,10,17,2,99,SUCCESS,224222,yHqFE0kSQlenn5mHm9oxKA,
James,1603082163624,3,74761,60207,224284,4.666666666666667,5,9,14,9,100,SUCCESS,224284,NhcHS_F-TWe8ECtBavqU4Q,
mis5-deepracer,1604117634917,3,75867,66739,227603,3.6666666666666665,2,9,11,37,101,SUCCESS,227603,9JgCJqHwRDicj5tX0tURNg,
Test01-azusawa-001,1604045719938,3,75881,64653,227645,6.0,4,14,18,5,102,SUCCESS,227645,K7SYNhpPQ8iv3rEF8xRXAA,
Robin-Castro,1603197032674,3,76060,72812,228180,7.333333333333333,1,21,22,1,103,SUCCESS,228180,qaH8R2-8TlG79mslpdPfGg,DBS
Adidev,1601985446144,3,76628,65710,229884,5.0,1,14,15,10,104,SUCCESS,229884,MghM-bLnRWOpECZ4zxsRow,
Damaz,1604147608206,3,78857,67566,236573,8.0,1,23,24,8,105,SUCCESS,236573,zKc8rj6eRhC2iy6IGqzvMQ,
KTalwar,1604091198996,3,78886,75534,236660,0.6666666666666666,2,0,2,46,106,SUCCESS,236660,ARI1_zN1QJifoOKo6hndoA,
RustytheVan,1603809229823,3,79038,70143,237116,1.0,3,0,3,11,107,SUCCESS,237116,IYEHLgahTK2aPYaJtci-Tw,
Bernard,1603733033497,3,79985,65717,239957,5.666666666666667,3,14,17,1,108,SUCCESS,239957,s4iTYsTVRlyWLxgNBHuxTA,
CARP,1604013044430,3,80438,75818,241316,7.666666666666667,8,15,23,2,109,SUCCESS,241316,UMCGLNDtRvqxBNzTgdyqUw,
Harikar,1602847714481,3,80599,73753,241797,6.0,4,14,18,6,110,SUCCESS,241797,xewWc62wS3CgTVSFnrtY3w,
team-ichibanshibori,1603679891440,3,80733,71691,242199,7.333333333333333,3,19,22,4,111,SUCCESS,242199,koyOYIRATNu8iooLnEjxLA,
SlowTofu,1603955413580,3,81001,72702,243005,3.3333333333333335,2,8,10,15,112,SUCCESS,243005,WDQfZPDXQ-qCIOsnWaJEyQ,
AlexandreTedaldi,1603674037804,3,81149,71189,243448,5.666666666666667,4,13,17,6,113,SUCCESS,243448,za1v99FQRSCdu49CpqLvfQ,
FastAndFuriousBR,1603592674443,3,81220,72839,243662,5.333333333333333,2,14,16,61,114,SUCCESS,243662,Av5YSUJfQnqW2rF_4tUObg,
Sridhar-DeadSkullz,1604165641769,3,81350,76599,244050,2.6666666666666665,8,0,8,4,115,SUCCESS,244050,c8fW-gZGSce3n6h7tEQo1A,
Adam-H,1603307973724,3,81438,77354,244315,3.6666666666666665,4,7,11,6,116,SUCCESS,244315,63LM4ZOGRmyM9GjZ-IVJgg,
r3s3t,1604138953545,3,81666,77813,244998,4.0,8,4,12,10,117,SUCCESS,244998,_zjarqyUTsmLsS9TxdBdNQ,
DShep730,1604076741756,3,81762,79103,245287,6.333333333333333,5,14,19,42,118,SUCCESS,245287,sXC7mX6LT2mmxRL_8scrIg,
Pendragon,1603292582598,3,81862,73376,245586,4.666666666666667,2,12,14,38,119,SUCCESS,245586,m-kQf1d9RAetlF5Omxs1qQ,
puradravi-acc-07,1603982235217,3,81942,74671,245828,8.0,2,22,24,2,120,SUCCESS,245828,cv1M5p8zQC2m-tqySDM19Q,
Rajarao,1603522581278,3,81968,71257,245906,6.666666666666667,3,17,20,7,121,SUCCESS,245906,xQ24BJGlSWqtWt5oUf_7gA,
AM730,1603852561972,3,81992,67929,245976,7.666666666666667,3,20,23,10,122,SUCCESS,245976,BVyCq7XIT-ObuDsJfFVtDA,
RR,1603281552903,3,82901,81897,248703,7.0,7,14,21,6,123,SUCCESS,248703,_m4K-3NyRUCXSTbmV4Tz4A,
Wasabi-DevelopersIO,1602139826545,3,83199,79266,249599,5.0,2,13,15,570,124,SUCCESS,249599,Fmb5j9UgQ_2xkleK0vwXOg,
Navami-KJ,1604036907923,3,83294,81485,249884,1.3333333333333333,1,3,4,7,125,SUCCESS,249884,6NVJoK75Qeyx5i7_yFQgTA,
GoodmanKR,1603862872554,3,83543,74521,250629,9.666666666666666,2,27,29,8,126,SUCCESS,250629,f905b742ca594aadb529eQ,
Tabataku,1603409853165,3,83732,74450,251198,7.666666666666667,8,15,23,1,127,SUCCESS,251198,umwfRQ3kRk-4uyu-bhCK5Q,
Iraken,1602629054686,3,83737,70948,251213,5.0,0,15,15,48,128,SUCCESS,251213,or90UAHpRcq08HEJagzDvg,
MaracatuAtomicoRacer,1603995354543,3,83776,80205,251330,4.666666666666667,1,13,14,6,129,SUCCESS,251330,icZoZDkJSsmA-db1ve82QA,
shimamoto-lightning,1604056124467,3,83805,76121,251417,5.0,2,13,15,13,130,SUCCESS,251417,ZyLATc_uRD6ZItpP-DjqKw,
mani-20200420-01,1604026214151,3,83851,78731,251553,6.666666666666667,2,18,20,6,131,SUCCESS,251553,S5e9cN8TToirZukteMlSYQ,
CarrilanaPPP,1603021077935,3,83895,81979,251686,5.0,4,11,15,2,132,SUCCESS,251686,1Dhj6yQxR7aXNoBKa2coKw,
DougRacer,1604146834466,3,85388,75720,256165,6.666666666666667,0,20,20,13,133,SUCCESS,256165,w-1M070PS2-7LmEPxnCypQ,
DenisOlivares,1604060000256,3,85427,83455,256281,2.0,3,3,6,17,134,SUCCESS,256281,i6ujwDJXSBWEWLWH2vrOuQ,
RajeshreeK,1603972344382,3,86020,77223,258060,1.3333333333333333,2,2,4,10,135,SUCCESS,258060,16kYpMIhR32JR8VZfxKiVg,
Snappy-Drivers,1604177079151,3,86302,80527,258907,1.6666666666666667,0,5,5,2,136,SUCCESS,258907,W3HhkLSVSaGH30sNsxpQxg,
dark-ocean,1603996367414,3,86861,84004,260585,8.333333333333334,2,23,25,11,137,SUCCESS,260585,LPBXo-uTTIOBzQyXxSu66Q,
heqi,1604023323642,3,87199,72245,261598,10.666666666666666,4,28,32,30,138,SUCCESS,261598,_JRcGnL2Sy2nAA5OQagaAQ,
infinitif1,1603640989453,3,87957,82048,263872,6.0,0,18,18,14,139,SUCCESS,263872,MowZAcphQYSV090Xtf4vnA,
GT-Racing,1603840306638,3,88036,84350,264110,8.666666666666666,1,25,26,14,140,SUCCESS,264110,w9zvXqmyRFWjHCr1e_v0-g,
TAIRANO-KIYOMORI,1604155439859,3,88311,75627,264933,10.0,7,23,30,8,141,SUCCESS,264933,la1EHR0kSByt3GoF_d7avA,
tomoya-oka-jpn,1603676180740,3,88352,78764,265057,5.0,2,13,15,15,142,SUCCESS,265057,XLKzxy4nTXCH4zFA_oCqxg,
Its-abhishek,1604041892173,3,88667,88432,266003,0.0,0,0,0,11,143,SUCCESS,266003,jAI-gLUgQyurpAn-dpnMCw,
HenrysAcc,1604156482492,3,89148,79436,267444,1.3333333333333333,1,3,4,1,144,SUCCESS,267444,EfJ5fmJOTF21XyDdiNEy3A,
neha-2020,1604170615253,3,89691,81956,269073,1.0,1,2,3,3,145,SUCCESS,269073,m2P80xajRPGIT9R73Xe4Yg,
FirstModel,1603781086885,3,89823,85998,269470,0.3333333333333333,1,0,1,4,146,SUCCESS,269470,ByrzIU1dQJGm-44zn8tDvA,
reZZEAK,1603974635683,3,90258,84757,270775,2.0,1,5,6,6,147,SUCCESS,270775,7eQ9m4ypQvq9Oq_YGJJL-Q,
ArosBok,1604174924500,3,90508,88112,271524,0.3333333333333333,1,0,1,5,148,SUCCESS,271524,e3OLpRkbTSOeicXRhnFO2w,
IshanPracticeforDeepRace2020,1604147504885,3,91045,89500,273136,6.0,4,14,18,11,149,SUCCESS,273136,zMpdM8QCQdeyJNx8mBMXxA,
WilliamQuick,1603319183958,3,91859,71572,275577,9.0,1,26,27,2,150,SUCCESS,275577,gGKQo-IhT6WTIZyK0zki0A,
Dileep-Miriyala,1604027749046,3,92401,64109,277205,12.0,4,22,36,1,151,SUCCESS,277205,AuPDFInPR62dt4ikLEgoGA,
AbdElrhman-Mohamed,1601802494719,3,92736,76268,278209,10.0,3,27,30,2,152,SUCCESS,278209,d9243e581b3845caac264w,
DarkMoon-Race,1602691738398,3,92849,84613,278549,1.6666666666666667,1,4,5,11,153,SUCCESS,278549,EpP29EtiQK-xZuZpTffK4g,
nulLeeKH,1603162775276,3,93014,90656,279044,4.0,2,10,12,3,154,SUCCESS,279044,lN78Dll9RPC7LisPRvBXlw,
AmitCCOEDeepRacer007,1604170054070,3,93285,88783,279857,9.0,1,26,27,1,155,SUCCESS,279857,_UG_Ro2mSXWTSipcPhwxgQ,
Shaun-Norris-159,1603942385952,3,93327,84639,279982,1.3333333333333333,2,2,4,1,156,SUCCESS,279982,LA3q93CpTyOHvZJx8sWfLw,
MyFirstModelCar,1603894168589,3,93426,69659,280280,9.0,2,25,27,7,157,SUCCESS,280280,K5YAg4knRm20C5-i758sYw,
RGirundi,1604144463024,3,93773,78316,281321,8.333333333333334,1,24,25,11,158,SUCCESS,281321,L2Xws6yvSOSnwpIfLtlR9Q,
CS26,1604018502226,3,93825,85818,281477,8.333333333333334,2,23,25,37,159,SUCCESS,281477,FDJhasexR4KMZJoky8tWbQ,
PravinDeshatwar,1604001712535,3,93958,90748,281874,2.6666666666666665,1,7,8,11,160,SUCCESS,281874,vFsaR5FgSsyZD5tGl_KIvA,
purple-fog-racer,1604111400087,3,94048,82955,282144,1.3333333333333333,2,2,4,1,161,SUCCESS,282144,5FBmuxTYSdu3eb0Oc504DA,
Jun,1603388018514,3,94196,88236,282590,1.0,1,2,3,5,162,SUCCESS,282590,tGwREiFWQrqxmggTcGi_xA,
KokiLeagueRun,1604145936254,3,94658,90427,283975,1.0,1,2,3,3,163,SUCCESS,283975,LvDxgOjaSfShC9wJgIt8tw,
speedtrack,1603517215251,3,94725,90806,284177,2.0,2,4,6,7,164,SUCCESS,284177,IRi0czPGTs6rj2w9tx8ANA,
Road-Runner,1603921679299,3,95320,85034,285960,7.333333333333333,2,20,22,6,165,SUCCESS,285960,Le_yzkjdQ3iFNsBSohmNlg,
BigBull,1604170182505,3,95888,82093,287666,9.666666666666666,0,29,29,9,166,SUCCESS,287666,wh7OKVzsQ-WCawq05C17Rg,
JZ-RACER,1604093749183,3,95923,89228,287770,2.0,1,5,6,19,167,SUCCESS,287770,Hr4ZWDHUSuqRMURNF66eJQ,
fuzca-azul-team,1603340919857,3,96108,87230,288326,8.333333333333334,1,24,25,13,168,SUCCESS,288326,uL5fx9DIQf2hUbnSUvkbhw,
MayankSaxena,1603798224927,3,97080,94805,291240,0.3333333333333333,0,1,1,5,169,SUCCESS,291240,qI7WfF0wQdmBCL8mgZPBPg,
navytheracer,1603998342032,3,97141,93831,291423,1.3333333333333333,1,3,4,3,170,SUCCESS,291423,pqWG1MQwTx2GWpn_Ase2MA,
King,1602861382226,3,97453,92351,292360,3.3333333333333335,1,9,10,1,171,SUCCESS,292360,TvEG3J75QsajNKqDCpa45g,
Foxtyne,1603790203621,3,97852,82232,293556,11.666666666666666,3,32,35,12,172,SUCCESS,293556,T_YquDvaTXy29DNtipMFIg,
Aswin,1603192157447,3,98026,95790,294080,1.3333333333333333,0,4,4,2,173,SUCCESS,294080,C6oDkKy2RTq38UrwpBadug,
Rudra33,1604083786543,3,98193,90687,294580,10.333333333333334,2,29,31,1,174,SUCCESS,294580,1fEe68aKQ-Klvlx7oQDsnA,
atouteberzingue,1601698130619,3,98275,89433,294827,10.666666666666666,5,27,32,1,175,SUCCESS,294827,8rGCph2rS9uk-H4kVkyalg,DeepRacer-Business
CS,1603888848086,3,99005,90892,297017,9.333333333333334,2,26,28,18,176,SUCCESS,297017,OR8iWiRRSMWibpJnVsZkgg,
lucas-eval-lv5,1603914896773,3,99080,96623,297241,11.333333333333334,2,32,34,37,177,SUCCESS,297241,xdNAxnNWTcyvSqy6a224AA,
Raptor500,1603382492516,3,99679,94861,299039,2.3333333333333335,2,5,7,1,178,SUCCESS,299039,-c7dIomRQ9WN-e24wyOqlg,
Swapnil-Avhad,1604133422256,3,99700,86098,299102,10.666666666666666,2,30,32,2,179,SUCCESS,299102,4oeCB_31Sw6IBBPYt0v7rQ,
BrunoFig,1602862803546,3,99728,72124,299184,10.0,3,27,30,57,180,SUCCESS,299184,sL4eB1MyTWmBEDg5ohQv1A,
LuizToledo,1604024828130,3,99802,88742,299408,2.0,1,5,6,2,181,SUCCESS,299408,ohyfrbi3ToayLsqg-O_56Q,
DKSTDeepRacerACN,1604088973332,3,99916,88675,299748,2.0,2,4,6,7,182,SUCCESS,299748,IM9jK5WcQKOR191A762mPg,
Otaboroid,1604169967738,3,100198,86782,300594,12.333333333333334,0,37,37,38,183,SUCCESS,300594,UZOXxzgqTEq-U_FlPY-vGQ,
Pablo1995,1603919974081,3,100378,78674,301135,10.0,3,27,30,9,184,SUCCESS,301135,SUMSJ4BuQ6q-vnYkPK74og,
lortega3006,1603479458943,3,100693,93026,302079,8.333333333333334,2,23,25,3,185,SUCCESS,302079,VYkd7-N3RAK-RByqM_ubzA,
Tahiti-math,1604109555252,3,101276,100167,303828,7.0,2,19,21,6,186,SUCCESS,303828,Z9EnIP67QT6CcFVexzP4CQ,
HighOctane,1603149501337,3,101394,95715,304183,3.6666666666666665,2,9,11,29,187,SUCCESS,304183,860-Q0OwQyGajUr3w7L9aQ,
Gunzo,1604171486275,3,101396,89470,304189,12.333333333333334,3,34,37,1,188,SUCCESS,304189,Dbt1kkx-QdOo5QfqNNB0kQ,
Wata,1603279631377,3,101597,94937,304791,1.3333333333333333,1,3,4,4,189,SUCCESS,304791,9H_arY7yTH-PEgkCGLrUcw,
Hawaa-Hawaii,1602337098043,3,101911,96142,305735,4.666666666666667,1,13,14,73,190,SUCCESS,305735,D40pHu1CSMSy9c0jZyuP1A,
FollowMeVibes,1604165608420,3,102073,89345,306219,8.0,2,22,24,2,191,SUCCESS,306219,E65tTwIOTOm4Ch_2T-pBUA,
SSP-RBOT-V5,1604112636214,3,102073,95816,306219,11.333333333333334,5,29,34,6,192,SUCCESS,306219,U-ueS_-VRhm7_esrc8l8dQ,
navdeep,1602513548151,3,102772,92659,308316,2.6666666666666665,1,7,8,4,193,SUCCESS,308316,OG9A_zrZSvihWnKVn9oZ0w,
ShrutiKh1608,1603961182240,3,102996,100220,308988,0.3333333333333333,1,0,1,2,194,SUCCESS,308988,AOlhU_pYQkGuD6bXGAwY8g,
nidhi-deepracer,1603444011021,3,103093,99849,309280,3.3333333333333335,1,9,10,3,195,SUCCESS,309280,QQ8YaWoyS2Wb2Sh4Bk3MJQ,
KasztP,1602681862958,3,103239,94832,309719,7.666666666666667,5,18,23,3,196,SUCCESS,309719,B_NHhZzIT7yLboMZHKC3Qw,
ajcb1998,1603570171367,3,103754,97954,311262,6.666666666666667,0,20,20,1,197,SUCCESS,311262,ZsNbZKbtQm6JFBl4dlAsNg,
TopMLRacer,1603321057483,3,103847,96741,311543,2.0,0,6,6,18,198,SUCCESS,311543,_dC7vg9GThabuIvscg4DpQ,
IshikaG,1603919322160,3,104399,101636,313199,4.333333333333333,1,12,13,32,199,SUCCESS,313199,IuoXRHMVRVGvdaQ9cPoZzg,
Rakesh-Arumalla,1601869414755,3,104476,101554,313428,1.6666666666666667,3,2,5,1,200,SUCCESS,313428,agzUTeeLS8GvRr8Ge5JpJA,
SpeedyMax,1603099608539,3,104502,99401,313506,1.3333333333333333,1,3,4,2,201,SUCCESS,313506,IB9M6gW1RNqWKOfL8ltQng,
flyingspan007,1603872305366,3,105002,93914,315007,3.0,2,7,9,1,202,SUCCESS,315007,wmM4Y59zSHiSZlbdYRPGmg,
Gaussin,1603974715884,3,105041,89240,315125,11.0,3,30,33,1,203,SUCCESS,315125,duXtS4y3QTqJ4iQT-7QIjQ,
2020HondaCRV,1603945977389,3,105090,87047,315272,10.0,1,29,30,10,204,SUCCESS,315272,KW0Pz6urS-23tTpBlrciPg,
TestAlias448470503363,1602154602724,3,105416,100789,316249,3.0,0,9,9,1,205,SUCCESS,316249,pLEC4UpJRgyiUQO_gSIIig,
IshanBA24,1603197417725,3,105560,86394,316681,9.0,2,25,27,33,206,SUCCESS,316681,riFXMugwTCugZmAwtESuBg,
PrasadbabuLagu,1603856988949,3,105720,104588,317160,3.0,0,9,9,2,207,SUCCESS,317160,GRxa7sV0QEWc4ED8tK94GQ,
its-da-bandit,1604165984044,3,106361,98909,319084,12.0,4,32,36,15,208,SUCCESS,319084,cR9mjG5CSRy-JItWFP02QQ,
KN,1603768465079,3,106457,103056,319372,4.0,1,11,12,7,209,SUCCESS,319372,mTQ_dBNOSKW1FMUGkGlUWw,
GaryWest,1603271332042,3,106671,101257,320014,5.666666666666667,2,15,17,3,210,SUCCESS,320014,I3cg0iuwQJKE9ETJX-UYdQ,
ppillai-007,1604091248983,3,106766,99300,320299,5.333333333333333,0,16,16,39,211,SUCCESS,320299,fb9HpIgCRBK-FD7GrRpI7g,
holagente,1603158831026,3,106839,98546,320518,3.3333333333333335,0,10,10,1,212,SUCCESS,320518,WB5quX5zTkaAbYe_H6SkAQ,
AnujTalwar,1603689120089,3,107130,99534,321391,3.6666666666666665,1,10,11,1,213,SUCCESS,321391,upTWDrR4QKeikLC_cC9kpw,
Legend-Balbas,1603658262505,3,107177,99470,321532,4.333333333333333,1,12,13,19,214,SUCCESS,321532,jtgfYrJATN-Lf8vragcesg,
Bertheid-JP-001,1603703393242,3,107765,105091,323295,2.6666666666666665,1,7,8,1,215,SUCCESS,323295,JnjCItUTRGyzaEY1AT8D5w,
LighteningMcqueen,1604081340750,3,107796,101389,323388,13.0,3,36,39,12,216,SUCCESS,323388,0L2DZC1-Rl277Etsj9Ty8g,
europatheuropeans,1604156487718,3,108209,106054,324628,4.666666666666667,2,11,14,1,217,SUCCESS,324628,oSrVrmRmRSGs9sCVGO1s5Q,
RLLearnerNRacer-2020,1604167878155,3,108916,95060,326750,4.666666666666667,1,13,14,6,218,SUCCESS,326750,GWPAoFv6RSmmd6MAPRHgRw,
Raul,1602866112753,3,109339,89319,328019,5.0,1,14,15,3,219,SUCCESS,328019,fl6jM0RwSIi4pXNI3HMDZQ,
DRE-2020SpCat,1603464050155,3,109376,98805,328130,5.0,2,13,15,1,220,SUCCESS,328130,7CwqJfazT6CAAbE-E6yL6g,
RaceyBoy,1604179892372,3,109754,90029,329262,9.333333333333334,1,27,28,2,221,SUCCESS,329262,NwDu1xy7TEO8WHauhDhhiA,
ezgg2020,1604046083643,3,109871,77316,329615,13.333333333333334,1,39,40,15,222,SUCCESS,329615,ZtJ1r1g1TAa7z268In3KPQ,
TheFlash,1602787796431,3,110080,105934,330242,10.666666666666666,0,32,32,5,223,SUCCESS,330242,HlKqgNvFSZK96wBx9FQLLQ,
DesmoMike,1603287521498,3,110818,97405,332454,5.0,2,13,15,4,224,SUCCESS,332454,B68iFDyTSs-PZ75VEdteDw,
Coconas,1603484551206,3,110840,105261,332522,3.3333333333333335,0,10,10,1,225,SUCCESS,332522,SswZqPFcRQqDYxZWHV0JCg,
SupergirlHarshu,1603969749214,3,110853,91776,332559,14.333333333333334,3,40,43,5,226,SUCCESS,332559,ulBGHS1NToypUxUhd_Njig,
rajan,1604059664610,3,111371,107463,334114,1.6666666666666667,2,3,5,8,227,SUCCESS,334114,yWRIE9GYR_mmAzdeWl8KgQ,
ChickenDance,1603488651448,3,112064,109487,336192,4.0,1,11,12,14,228,SUCCESS,336192,ynvdYFmAQlSWOyfHgj_swg,
BaadalVeer,1604092537147,3,112427,105444,337281,5.333333333333333,1,15,16,11,229,SUCCESS,337281,XMz8vSTRRJGDzJoCdJG4jQ,
DdBG,1603920075599,3,112528,105618,337585,5.333333333333333,0,16,16,5,230,SUCCESS,337585,8p3-HLb2SiinDSxGmltsjg,
Yashar,1604091680259,3,112534,99638,337604,11.0,1,32,33,9,231,SUCCESS,337604,MyusyC1BTwuBK-ueHpocmA,
josephnba1992,1603711099399,3,112727,110627,338181,11.0,3,30,33,33,232,SUCCESS,338181,2Iis5ZKwRU-3zrqN-qXwrg,
RunForrestRun2427,1603375468032,3,113443,109270,340330,5.666666666666667,3,14,17,1,233,SUCCESS,340330,q93DjQ5dT7ajMHJHKdANdw,
Frank,1603874628093,3,113732,105643,341198,2.3333333333333335,2,5,7,3,234,SUCCESS,341198,Pk8aU7ZFRrqS3yx8GFa_4A,
vamshikatroje,1603865299221,3,113866,97276,341600,3.3333333333333335,0,10,10,4,235,SUCCESS,341600,NqEnQeCkSqafTEA_aRGinw,
NEro,1602333935234,3,113942,108708,341826,3.6666666666666665,1,10,11,1,236,SUCCESS,341826,T6lygHw5RGKdnXhQBRRXUw,
Design4TeamNagakari,1603984796253,3,114284,82429,342853,15.333333333333334,2,44,46,5,237,SUCCESS,342853,g_WxPih6RxKzB8Oq7hwUSQ,
Vishalakshi,1604145641553,3,114441,104590,343325,6.0,2,16,18,1,238,SUCCESS,343325,jttRmqtrSlyFWX7sRWQE6g,
Kirruz2021,1603980762688,3,114538,104703,343614,3.6666666666666665,1,10,11,5,239,SUCCESS,343614,DKXCPZp5T3KXM-nOCwP_rg,
domenico,1603995337733,3,114734,107176,344203,6.666666666666667,2,18,20,1,240,SUCCESS,344203,qCU1jXd-RF-BYi1SWl0trw,
provamodello,1604013769632,3,114889,106491,344669,4.333333333333333,2,11,13,8,241,SUCCESS,344669,1wQr3IyHSPqWm2QBt-9Ngg,
BizIntegral,1601862126050,3,115052,100084,345156,3.0,1,8,9,9,242,SUCCESS,345156,4nUbIXTuTiqjYpxEpo0tNw,
JeepRacer,1603361813839,3,115138,112527,345415,4.333333333333333,1,12,13,4,243,SUCCESS,345415,h9UjjgapRWG20q_RtfB0Cw,
Vinay-getsetgo,1604127552141,3,115220,110063,345661,6.0,3,15,18,6,244,SUCCESS,345661,wBibBjC0RR2jbk3yTJnD6g,
ethanlee,1603704546844,3,115471,106491,346413,8.0,2,22,24,19,245,SUCCESS,346413,PTl5-D8eQGe-fhz5imT5rA,
AdiAppFabric-Race1,1603996985204,3,115971,109411,347914,3.0,1,8,9,2,246,SUCCESS,347914,We30VI4pQES2XfjGPJX7kw,
Pandemonium,1603719683765,3,116064,104239,348193,12.0,2,34,36,3,247,SUCCESS,348193,QQ9IJzlTQBefiglLZBriWA,
RKRacer,1604152970876,3,117207,99548,351623,15.0,3,42,45,17,248,SUCCESS,351623,Y1zjTNJNQnygKU2xj-F4mQ,
KimiRaikkonenAlfaRomeo,1603885894773,3,117332,110013,351997,5.333333333333333,0,16,16,7,249,SUCCESS,351997,sOALZ0i6TzSpQ9ruuwYAHg,
leolioness1,1604053877908,3,117338,89627,352016,14.0,3,39,42,1,250,SUCCESS,352016,ZcTgMEmbT3SeDnQipBHrKg,
ADS,1603842646396,3,117622,109138,352867,12.666666666666666,4,34,38,17,251,SUCCESS,352867,Ri260_CDQdCuuujUZJ5shA,
racetolearn,1603899826875,3,117723,106663,353169,5.333333333333333,3,13,16,2,252,SUCCESS,353169,eC-M05K_Rx2yyZf1R5cBuw,
Cheetah1008,1604056854651,3,117794,103350,353384,5.333333333333333,3,13,16,2,253,SUCCESS,353384,OKhTn6dWRyy7-q12764TUg,
KaiquanMah,1604187569267,3,118239,105175,354717,4.333333333333333,2,11,13,6,254,SUCCESS,354717,eE9JZEWQTV2uOp_YhqJ91w,
RoboBrain,1602491281247,3,118353,116192,355059,3.3333333333333335,1,9,10,5,255,SUCCESS,355059,XTxaU8xdSCykK6cnn4nRBg,
Sparky100,1604104243421,3,119053,112294,357161,14.333333333333334,1,42,43,4,256,SUCCESS,357161,dB7ZhAfrTF25dqNKlok7gw,
AWSModel04,1603452192369,3,119083,106156,357249,5.666666666666667,1,16,17,2,257,SUCCESS,357249,HwMp-c-fR5WbwW8-AlAR4A,
Accenture-Jawad-Shashank,1604036341504,3,119088,115129,357265,3.3333333333333335,2,8,10,7,258,SUCCESS,357265,eVbPg9WETEeFT6Vg75b-TQ,
TheFabulousAbney,1603308471274,3,119430,94882,358290,5.666666666666667,3,14,17,14,259,SUCCESS,358290,IXUK49tpQSub6Hh37QPwdw,
Rodrigo,1604184929436,3,119464,103130,358393,13.666666666666666,3,38,41,3,260,SUCCESS,358393,LWZGy3hmRqiN9FdzuKgB1w,
Ramki,1603247495926,3,119526,115197,358580,6.333333333333333,3,16,19,13,261,SUCCESS,358580,oENZZRTrTSGzyHSXX6Ixow,
golu,1602698585262,3,120115,108825,360346,5.666666666666667,4,13,17,1,262,SUCCESS,360346,XeZBCT0OTNCcJijP3EYpkw,
SupriyaJain-DeepRacer,1603905058480,3,120180,105093,360540,4.666666666666667,0,14,14,6,263,SUCCESS,360540,4JAacxmeR5qkHZGseLTtRg,
wvueagle,1602606624707,3,120724,117182,362173,6.333333333333333,1,18,19,5,264,SUCCESS,362173,wypqBds0S2--khU6GZqFHw,
ProteusXplorer,1603371107095,3,120860,112163,362580,10.666666666666666,3,29,32,1,265,SUCCESS,362580,iRqwbBoKQY-tP2tGpIMlxA,
DeepRacingStar,1604076429731,3,120890,105412,362671,4.333333333333333,1,12,13,1,266,SUCCESS,362671,xJZ8Ua6bTHKW8lecxPG4_A,
SiyonaJain,1602700423151,3,121115,107765,363347,5.0,1,14,15,2,267,SUCCESS,363347,B8gLMG1sRn6EK5Dm95Grgw,
ashnashahgrover,1602789671703,3,121198,106369,363594,6.666666666666667,2,18,20,3,268,SUCCESS,363594,3YALVfU8Q0mTGCGMIC-HEQ,
Spikey152,1603901714062,3,121293,119292,363879,3.6666666666666665,2,9,11,2,269,SUCCESS,363879,S7qcVzycSby4mTGW1VreyA,
TESTEVAL,1603408290286,3,121421,116854,364265,2.3333333333333335,2,5,7,21,270,SUCCESS,364265,JpWCumBlSZmNmZr9O5zdkQ,
Bego310,1604148153733,3,121643,116537,364931,14.666666666666666,6,38,44,5,271,SUCCESS,364931,VzVc4kzhRuywZPKnFEzBhQ,
smritib,1603289387369,3,121742,107211,365227,4.333333333333333,2,11,13,1,272,SUCCESS,365227,ul2uG0B8TESAuyfn17PrOQ,
rkcdeepracer,1603275111234,3,122120,111448,366361,3.3333333333333335,2,8,10,1,273,SUCCESS,366361,Vm7Ct9s1QXy6O1wfErlGYg,
WSP-DPC,1603577017796,3,122248,114076,366745,8.666666666666666,1,25,26,2,274,SUCCESS,366745,01LeONxcS5ybV47hpnFflQ,
Mattics-Run,1603393212499,3,122352,114418,367057,6.666666666666667,1,19,20,6,275,SUCCESS,367057,SG4udpr7TwqQEw5mJWiVGQ,
Group66,1602079252873,3,122385,106093,367155,11.666666666666666,4,31,35,5,276,SUCCESS,367155,VS-GkoDuR9OH9Ls5vVumAA,
ToshiMtFuji,1604081456788,3,123115,94863,369347,11.0,3,30,33,3,277,SUCCESS,369347,BqdOiZCiQ9ukLpOe-ipBPA,
TheMountain,1603536408315,3,123374,100498,370124,6.0,2,16,18,4,278,SUCCESS,370124,6XjvQ1p0TOKel6mU4wk4yA,
DigitalMercury,1603326060730,3,123433,109992,370301,5.333333333333333,1,15,16,1,279,SUCCESS,370301,gabTjdwrTRSAKJrSt3FjsQ,
Adithyavarkuri,1603198062387,3,123526,117441,370579,7.0,1,20,21,2,280,SUCCESS,370579,exat0sLEShirZy1j3NIDGA,
SpeedyLudvig,1602238749615,3,124089,108114,372269,13.666666666666666,4,37,41,1,281,SUCCESS,372269,lRUilckVRWmfuAJycwheAg,
DhirajAMishra,1603794431720,3,124216,117229,372650,7.0,1,20,21,5,282,SUCCESS,372650,uMB1kbSqQc-QsO6fHOSZ2A,
Autonomous-Niharika,1604128028952,3,124304,114507,372913,12.666666666666666,5,33,38,1,283,SUCCESS,372913,RYiGKklEQs-I2TRpGCc2Rw,
Schumi1,1603474542377,3,124316,121863,372950,6.0,1,17,18,1,284,SUCCESS,372950,RjyJEtuBTXS1NR9OQiEzeA,
tarunesh,1604147143946,3,124365,119583,373096,14.0,3,39,42,4,285,SUCCESS,373096,4AAf3v14Q5er7tPuom0uqg,
chethanthegreat,1603056899941,3,124476,114978,373428,4.333333333333333,2,11,13,12,286,SUCCESS,373428,eyLqrFcrTv2LVVDSsCiHng,
AutoBOT,1603257187558,3,125191,118945,375574,6.333333333333333,1,18,19,1,287,SUCCESS,375574,AN9oV-1_SKeKI5ZuFpv5Fw,
dozieInFirst,1603750452714,3,125384,107593,376152,5.666666666666667,2,15,17,5,288,SUCCESS,376152,kHi1b0KKSbyJ29pm07_KqQ,
Robert-Tyssen,1604057484152,3,125466,116241,376399,14.666666666666666,3,41,44,1,289,SUCCESS,376399,IoO1xa-qR-SPRFU2CM7zYg,
SMYKsMagicBullet,1602666201490,3,126386,117336,379160,15.666666666666666,5,42,47,2,290,SUCCESS,379160,wTnQCBkoSjW51_oT4lP6ag,
Polina,1603830327701,3,126702,125945,380107,5.0,1,14,15,4,291,SUCCESS,380107,a6XpmO5WS5mtvG1D2eP7RA,
Tapan001,1603811543811,3,126934,119181,380802,7.333333333333333,1,21,22,1,292,SUCCESS,380802,TjLmRST_TYyMbUR27nAN5w,
Sonicracer,1601624188880,3,127330,114098,381991,6.333333333333333,0,19,19,1,293,SUCCESS,381991,S16WZE-fRuuMjKxVBZ5xSw,
Racer99,1603731896584,3,127411,110035,382233,15.0,5,40,45,2,294,SUCCESS,382233,HlmmWkQpSweAqWLVdLuhRw,
Vox,1604105136242,3,127819,120351,383458,6.333333333333333,1,15,19,10,295,SUCCESS,383458,Qm67_20QThifd9rp613Z1A,
lokideepracer,1603268733843,3,128235,106942,384705,13.666666666666666,3,38,41,11,296,SUCCESS,384705,IIkygUVvSkiAa213oYB-IQ,
KCHERMAN,1603331173622,3,129732,119627,389197,4.0,3,9,12,1,297,SUCCESS,389197,Fee8v2Y7Q9SII0CIkrEBjQ,
xiaoxd,1602552617042,3,130405,112300,391216,7.0,2,19,21,1,298,SUCCESS,391216,svYshpyPRIaorxMd5IGMdQ,
BA,1603232731443,3,130763,121345,392289,6.333333333333333,3,16,19,1,299,SUCCESS,392289,KWuj2d2XQZGPR4ImwaiGoQ,
Dreamer823,1604040793615,3,130794,115654,392383,7.0,0,21,21,4,300,SUCCESS,392383,4wZFXUJsRTGj3_r3SUfe9w,
neibc,1603123579571,3,131048,117600,393145,17.333333333333332,2,50,52,1,301,SUCCESS,393145,80886b5506ed4127910fbw,
iRacer23,1603534664168,3,131323,123435,393969,6.0,2,16,18,1,302,SUCCESS,393969,1vnFDK8gR8GVPBFjIN7ViQ,
Juli032,1603430223624,3,131744,126398,395232,8.333333333333334,2,23,25,2,303,SUCCESS,395232,BLS1FrQuQfmqqQCnsHgpFw,
Herbie2020,1604089706768,3,131800,130628,395402,8.0,1,23,24,1,304,SUCCESS,395402,yi28sQmeRiOj00FaMA36cQ,
v1Tarantula,1603103832639,3,132033,120882,396101,6.333333333333333,3,16,19,2,305,SUCCESS,396101,jcCD1vd5Rv-nFSHlcKAGDg,
DirtRocket,1602657595023,3,133024,126831,399074,5.0,2,13,15,2,306,SUCCESS,399074,KofcK1YgTV2AfTNHvpVRZg,
DanM,1603095213585,3,133424,130777,400272,10.666666666666666,4,28,32,1,307,SUCCESS,400272,J-B9m-ETQ1WPvJiu-OxNWQ,
Fusca-Azul-Racer,1603387479577,3,134625,122704,403875,17.333333333333332,4,48,52,1,308,SUCCESS,403875,DT8of60OR5y6uwr3WXQTYw,
PavanV,1603737114789,3,135040,124122,405121,8.0,4,20,24,1,309,SUCCESS,405121,g2PWTxJbRySiq3GXVeSEXg,
fergo10,1603512134873,3,135724,121936,407172,13.666666666666666,3,38,41,1,310,SUCCESS,407172,-l5FRPOpRjy3XuTwlIiJ7g,
baneling-101,1602625287125,3,135976,128031,407929,19.333333333333332,2,56,58,3,311,SUCCESS,407929,_onmfB8uQW2xPje3r5aMxg,
RACERVIRTUAL,1603874086563,3,135995,110049,407986,9.0,1,26,27,12,312,SUCCESS,407986,pSB5HW4DSHKLWa_OcD036w,
LeoparFaik,1603128616697,3,136831,122361,410493,2.6666666666666665,3,5,8,9,313,SUCCESS,410493,R6GFGTU0S9-Z54x0nfIxqQ,
t-racer101,1603953861495,3,137552,125430,412658,15.0,2,43,45,2,314,SUCCESS,412658,ZyYMUioFTGG9FQBTCLakjg,
SlowButInsecure,1603510182848,3,137649,131154,412948,10.0,0,30,30,2,315,SUCCESS,412948,EC_xFk3FRzyetYfUZ5bmBQ,
MagdaRace72,1602170396721,3,138007,129687,414023,8.0,6,18,24,1,316,SUCCESS,414023,nj0JNeHlRZ2cmZUZRrgY_g,
LXG-DR,1603361211655,3,139028,135518,417085,8.333333333333334,1,24,25,2,317,SUCCESS,417085,G2N-Py3QQuyTHH2QsnlmWw,
BorettiRacer,1603112415398,3,139099,127527,417298,8.333333333333334,1,23,25,1,318,SUCCESS,417298,WydCCTNLSJKwlVfd3PxRGw,
NowakP,1603316639221,3,139814,111265,419442,16.333333333333332,2,47,49,2,319,SUCCESS,419442,1ovRFtklRv2oRdwPZCl7KQ,
COO,1603283086319,3,139964,136070,419894,17.0,3,48,51,4,320,SUCCESS,419894,NEh5IMtdSb6QbaU0d4b66w,
harrie,1603363537620,3,140652,132962,421957,8.0,3,21,24,1,321,SUCCESS,421957,mCWFDXU6R9-ig32rZI_wNA,
DanielMolnar,1602593138419,3,141267,115237,423801,9.333333333333334,1,27,28,1,322,SUCCESS,423801,2tsHyOW3Q_m7QzTtfju5Kw,
Nicole,1602116189221,3,143817,135819,431453,8.666666666666666,3,23,26,4,323,SUCCESS,431453,3f77722a18134b9c85141w,DeepRacer-Cloud
Mattchin,1603384964707,3,144130,137754,432390,11.666666666666666,2,33,35,1,324,SUCCESS,432390,HBpoBXgjQXG7VQKiSrovEQ,
JarjarPodRacer,1603372972612,3,144567,139306,433703,9.0,0,27,27,2,325,SUCCESS,433703,a6D5SF7nRzSIyGIXRfzTgw,
rasec38800,1604087936009,3,146013,131932,438039,21.0,3,60,63,1,326,SUCCESS,438039,W8sq_v0XT-KoUI8kcTlTvw,
wibblyWobblyTimeyWimey,1603799079258,3,146084,136126,438253,21.666666666666668,5,60,65,1,327,SUCCESS,438253,mBME7OuvRX2C8HjgJk0ylQ,
Deepak-P1,1603552296617,3,146195,140669,438587,9.0,0,27,27,1,328,SUCCESS,438587,99gedUNoQlq2TjbdUfuavw,
KATT,1604084584744,3,146234,142045,438702,10.0,3,27,30,2,329,SUCCESS,438702,C6otZ-_aS92DmWDn9M_SxA,
Racer202,1603695484204,3,146853,124061,440561,12.666666666666666,2,36,38,13,330,SUCCESS,440561,OQB_0KeTRpGWXwXCg8jRgQ,
Racer7Group71,1603348381276,3,147403,144871,442211,1.0,1,2,3,3,331,SUCCESS,442211,gwBKbK5wRwGkE5EHJ_84mw,
AwadheshYonaRacer2020,1603445851709,3,147553,135147,442659,8.666666666666666,1,25,26,1,332,SUCCESS,442659,cbmKHW77R7mWFTE1kuoPJA,
AliHussain53,1603527681828,3,147664,135770,442994,11.333333333333334,1,33,34,1,333,SUCCESS,442994,sUo_seqRS-SkaYCYiRgrHQ,
Tshepi,1603699785944,3,147755,141850,443267,11.666666666666666,2,33,35,1,334,SUCCESS,443267,eVRER0D6Q8KlVHkOwA9FtQ,
jiyeokan,1602336778988,3,148193,144599,444581,20.666666666666668,3,59,62,1,335,SUCCESS,444581,c9766994521741778a11ew,
Gasly-Go,1603369952598,3,149568,145430,448704,9.333333333333334,1,27,28,1,336,SUCCESS,448704,czqiDVRHQP2VxpmGttPbZw,
PatioVonGrottenstein,1602500062138,3,151661,144260,454984,21.666666666666668,3,60,65,2,337,SUCCESS,454984,M3E4okuXRlahwT0vRmKjmA,
Group-85,1603118611066,3,151697,138879,455093,13.666666666666666,5,36,41,1,338,SUCCESS,455093,iyRgvdlHTWqTJwXN3Q9uaA,
BlueWally,1603753304915,3,151887,135543,455663,21.666666666666668,0,65,65,4,339,SUCCESS,455663,EgKXg5LjTa2VfX8ZjBP1oA,
racingpj,1603856732641,3,152127,141738,456383,15.333333333333334,0,46,46,2,340,SUCCESS,456383,cdaVszpTQ3avZxLsDoZ3ow,
alphanso,1603555635220,3,152190,146265,456571,10.0,2,28,30,3,341,SUCCESS,456571,Lnm_kLVzQlm3lVNrvT6OIw,
NR-Model-07,1603450322981,3,152690,142342,458070,12.0,6,30,36,2,342,SUCCESS,458070,OsR7fnx1QSuNuZKLC0dUTw,
DeepRacerleague,1603962147309,3,153101,136860,459303,14.0,1,29,42,1,343,SUCCESS,459303,tvjLd0HmRlOVWJOx_Mx6bw,
Thunderstorm,1603701774637,3,153246,139549,459740,9.333333333333334,2,26,28,3,344,SUCCESS,459740,maJZNamlSsm2M3sQ3bUSiw,
Rajan,1603317027839,3,153852,150939,461556,12.666666666666666,2,36,38,3,345,SUCCESS,461556,jt2g468kSrKef65CJSUZgA,
SkyHighPie,1603975434647,3,155663,134747,466990,9.666666666666666,1,28,29,1,346,SUCCESS,466990,TyQ8ZRZxTOeHgGMbwJJurA,
darksith,1604160858988,3,155950,152057,467850,0.6666666666666666,2,0,2,4,347,SUCCESS,467850,l8FTyTfXStqAir-yTT1kGw,
KST-GregDANIEL,1603664522607,3,156891,131410,470673,12.666666666666666,1,36,38,1,348,SUCCESS,470673,dbkvvNtbS3KCy5AzK6_fFg,
DannyRacer,1603471981878,3,156926,140261,470780,9.333333333333334,3,25,28,2,349,SUCCESS,470780,5QmUtpgAQMauL1xd84AOnA,
mk-drcup,1603704840567,3,157965,146957,473896,10.666666666666666,3,29,32,2,350,SUCCESS,473896,P7DzC99-Re6MEuFd4iKLxw,
HJT,1603959719066,3,158195,156590,474585,2.0,1,5,6,1,351,SUCCESS,474585,IL-0naLjTJSlrzrHPRqOVA,
weapon,1603074352814,3,158666,155483,475998,21.666666666666668,4,61,65,1,352,SUCCESS,475998,-ZhlFj5jTT2t3PGamgg9zA,
prish,1602617220281,3,158760,129845,476281,23.0,4,65,69,3,353,SUCCESS,476281,75d2015210da46dfb3f63Q,
TESTING,1604060675277,3,159344,142464,478032,12.666666666666666,2,36,38,1,354,SUCCESS,478032,G-SWK6T3T6GlxovjZegfWw,
Prish,1602667904890,3,159538,141094,478614,23.0,3,66,69,4,355,SUCCESS,478614,_VJJAkZzSLiY88akevrYXw,
TonyKim,1601602951631,3,159606,155758,478819,23.666666666666668,2,69,71,3,356,SUCCESS,478819,yLiSlqkUSRaQk8OUFz8MLA,
FlyingSaucer,1603381579528,3,160374,155667,481123,14.333333333333334,1,42,43,1,357,SUCCESS,481123,ETSYY5uxS-eX_rtuogIZQg,
SVSRLeague7,1603817417782,3,161814,131406,485444,10.333333333333334,3,28,31,1,358,SUCCESS,485444,x0ZHvD2lThOMVZqgc1gKSQ,
Monasakthi,1603809158938,3,162322,141985,486966,14.0,9,33,42,1,359,SUCCESS,486966,KEHclhBrRcSylM2Wi7PBDg,
Duckholm,1603723199072,3,163015,150405,489046,12.666666666666666,1,37,38,1,360,SUCCESS,489046,2q4eJSAESrK9mj5p5XaIYg,
jb45,1603976093029,3,163195,152598,489587,6.666666666666667,2,18,20,1,361,SUCCESS,489587,5d4ELttlT7KVjzjIhs8_mg,
Shubhi,1603623680279,3,163346,143557,490038,10.666666666666666,2,30,32,5,362,SUCCESS,490038,xOuOvwsQTRCRYOjjn4tgjw,
aryan,1603551568105,3,164576,142644,493730,14.0,0,42,42,1,363,SUCCESS,493730,ctgz14hpQju_hpBcpkBQrA,
yusuke-onisaki,1603429309149,3,164652,135323,493957,14.333333333333334,2,41,43,1,364,SUCCESS,493957,Npv2OcbVTAuE6vN4w5o1wQ,
dheeraj-khati,1603196998735,3,167191,149264,501575,17.333333333333332,3,49,52,1,365,SUCCESS,501575,AzGsRgKVRvyqeq0hhZYfWQ,
Senna-21,1603972850200,3,172345,168168,517035,12.333333333333334,1,36,37,1,366,SUCCESS,517035,7wAwaGhTSPyQCI6ng7m-Og,
riavats-h393762,1602692359823,3,172560,158763,517682,22.666666666666668,8,60,68,3,367,SUCCESS,517682,qAqZ2IhMRayP0pT8Mbv1fw,
Hamilton007,1603453576438,3,174194,161015,522583,18.333333333333332,9,46,55,1,368,SUCCESS,522583,mArlDU51T1aVWE59vJqsTg,
MyLeagueRacer,1603806536214,3,175803,155493,527409,17.0,2,49,51,6,369,SUCCESS,527409,BlZKbJsBQZSA___V0D4wxw,
Vanitha,1604084845220,3,176256,149939,528768,14.666666666666666,2,42,44,1,370,SUCCESS,528768,1REUIb53RU2zsjuNl1BPxg,
Tanjiro,1602716918199,3,176465,172348,529397,12.0,0,36,36,1,371,SUCCESS,529397,Q5QpDAl7TWm1RD066A1rag,
KarthikShankarDeepRacer,1604061302105,3,176543,158981,529631,17.333333333333332,0,52,52,2,372,SUCCESS,529631,AY02KaAZQM-a6cxpyOQ7Dg,
TestModel1298,1603518707246,3,178928,172020,536786,28.0,6,78,84,1,373,SUCCESS,536786,y2c9g2E1Q7ae3a3NarfIEA,
Josephnba1992,1603874918134,3,180797,172772,542391,28.333333333333332,3,82,85,4,374,SUCCESS,542391,sVoXSNJgQvqymkAs19l_Vw,
Accenture,1603914030231,3,181365,179350,544096,19.0,3,54,57,3,375,SUCCESS,544096,U96q-8qeQEikTxVP1vaS5g,
supernova-rvm,1604171331429,3,182705,173079,548115,23.333333333333332,1,69,70,1,376,SUCCESS,548115,sZF0vHR9TT-CiIEgH38BdQ,
ACN-Model-Tim,1603765676236,3,183090,168939,549270,9.666666666666666,4,25,29,2,377,SUCCESS,549270,MVFAcvRURsenPdQR9zrD9A,
APP,1603841575207,3,184337,173470,553012,27.0,2,79,81,1,378,SUCCESS,553012,G_U99BKeSq2vbOZ4QOVWbw,
Vikrant,1603777967314,3,189777,181182,569331,17.666666666666668,2,51,53,2,379,SUCCESS,569331,g9l-9zY4SdKTEWguKvfuYw,
ShravaniChama,1603807000484,3,189824,172504,569474,18.666666666666668,2,54,56,1,380,SUCCESS,569474,X2rfP0oVRGWXda4MSTF9nQ,
Racer44,1604083328725,3,191526,181211,574580,29.0,3,84,87,2,381,SUCCESS,574580,bl_vjFfYQEqigRvmh1xpgA,
DhirajMishra,1603259539316,3,192186,183426,576559,17.333333333333332,0,52,52,2,382,SUCCESS,576559,I7AOlCFQR_OZvlKAlIC_8w,
CCrawford,1604092271928,3,193623,182400,580869,28.333333333333332,1,84,85,2,383,SUCCESS,580869,wPjgAaIVSeiN8Kj5Rl8K4g,
Smeezingtons,1604058992502,3,193950,188267,581852,29.0,2,85,87,2,384,SUCCESS,581852,b-y5D6ilS6CBBIGrdyqcJw,
ChicagoRacer,1603989711768,3,198754,186438,596263,25.333333333333332,4,72,76,1,385,SUCCESS,596263,aAkMjLZhQtmAlxSk_SHwlw,
xm4n,1601847619155,3,202040,195097,606122,27.0,2,79,81,1,386,SUCCESS,606122,ufkRKiXzQIGw_jq4R7CXNw,
Spa-Francorchamps,1603398944766,3,202427,194536,607283,15.333333333333334,2,44,46,1,387,SUCCESS,607283,tzQRYZXESFyZmBs3ymS46g,
SA1919,1603467972255,3,204553,195784,613660,19.333333333333332,1,56,58,1,388,SUCCESS,613660,7o0yQ9gfQgCSBWBYL1wSbA,
Nakor,1602727128398,3,213465,194459,640396,22.0,3,61,66,1,389,SUCCESS,640396,nmCDg6e0Q-KkHjFZb4d5ZA,
AlphansoPi,1604075900655,3,221698,209283,665095,33.666666666666664,3,98,101,4,390,SUCCESS,665095,S7ePMARbSuynzyLeTYSdWg,
shaikh,1601654840135,3,222848,217134,668545,29.333333333333332,0,88,88,1,391,SUCCESS,668545,zODlZ5N5Qv-psEWspbVLtQ,
IshaanKrishna-19042020,1603216535479,3,224418,214742,673256,32.0,5,91,96,1,392,SUCCESS,673256,U7hum2PfTCyKLr7bTxCT9g,
RSA-O,1603955151968,3,237072,218178,711217,21.333333333333332,3,61,64,1,393,SUCCESS,711217,K8fWYn7pQiChaeHsM05UBA,
hiro-race-001,1603437716237,3,241004,232990,723013,36.333333333333336,3,106,109,1,394,SUCCESS,723013,7_OSWzlxRiWfjoo7yliVoA,
DR2020-Deeptaroop-Accenture,1604136677778,3,262907,256902,788723,29.666666666666668,3,86,89,1,395,SUCCESS,788723,-v-n9WPgSJ2GxldOdJJa-w,
