Alias,SubmissionTime,LapCount,AvgLapTime,BestLapTime,TotalLapTime,AvgResets,CollisionCount,OffTrackCount,ResetCount,SubmissionCount,Rank,LeaderboardSubmissionStatusType,RankingScore,RacingDivision,UserId
JJ,1635388933155,3,22192,22121,66578,0.0,0,0,0,6061,1,SUCCESS,66578,PRO,afdcX_4vRH6Ussd0mbg5LQ
Karl-NAB,1635415652507,3,22887,22680,68661,0.0,0,0,0,2453,2,SUCCESS,68661,PRO,4vOOxLIsSjeL2WFaO5o_fQ
rosscomp1,1635223608249,3,24037,23796,72111,0.0,0,0,0,1185,3,SUCCESS,72111,PRO,fb0d597a87f94697aa1c6w
JPMC-HYD-02,1635172893995,3,24142,24100,72428,0.0,0,0,0,286,4,SUCCESS,72428,PRO,LKdw_hyKTSu7moFuxbmiZw
Duckworth,1633961166887,3,24328,24075,72986,0.0,0,0,0,4294,5,SUCCESS,72986,PRO,VIu9BQ4-Th6gUqu60ztwUQ
Ghost-Rider-007,1635530294152,3,24490,24272,73471,0.0,0,0,0,7,6,SUCCESS,73471,PRO,yjfHxWGORWWg1wHFQFBH4g
PolishThunder,1635573084212,3,24526,24063,73578,0.0,0,0,0,1550,7,SUCCESS,73578,PRO,qi512oGVTry8V-KtP6j2_w
Ernesto-PhilJ,1635480963802,3,24542,24498,73626,0.0,0,0,0,3103,8,SUCCESS,73626,PRO,8zBEAp0-S5yGbcZvytGZGQ
Yi-LI-NYCU-CGI,1634104458625,3,24793,24317,74379,0.3333333333333333,0,1,1,196,9,SUCCESS,74379,PRO,jrJHq8pZQAyj4gGqMw8-DQ
Fumiaki,1635633942745,3,24848,24740,74544,0.0,0,0,0,3031,10,SUCCESS,74544,PRO,5RzBNYRAQoWVausi3eyhRg
ZhengYi-NYCU-CGI,1633976540889,3,25322,25060,75966,0.0,0,0,0,440,11,SUCCESS,75966,PRO,qY4J9IzvQS6a1N-KZXwviA
Penguin-DNPds,1635579299658,3,25348,25132,76044,0.0,0,0,0,1303,12,SUCCESS,76044,PRO,Nr3YCYWGTA631Xqa0uDPhw
ZoD,1635397145666,3,25675,25561,77026,0.0,0,0,0,1204,13,SUCCESS,77026,PRO,TFtvCas4TRWchrBPMyGh0A
GT-DevelopersIO,1635498628387,3,25725,25615,77175,0.0,0,0,0,1124,14,SUCCESS,77175,PRO,8WSp4P7ZRn-jJgZLnugwkA
Yoway-NYCU-CGI,1635634756710,3,25758,24820,77274,0.3333333333333333,0,1,1,312,15,SUCCESS,77274,PRO,1fBE9Y-DR4aOhdY6ydu-rA
AJM-Model-1,1635411291484,3,25797,25128,77392,0.0,0,0,0,1620,16,SUCCESS,77392,PRO,gdsU9bkGRWW7LTEHP4rGgQ
JPMC-HYD-09,1635657656616,3,25933,25789,77800,0.0,0,0,0,889,17,SUCCESS,77800,PRO,vA_gK0vxTNWI-MTWEWLAxw
TonyJ,1635697626529,3,26014,25626,78042,0.0,0,0,0,1584,18,SUCCESS,78042,PRO,af962be5a4ed4c57af807w
ADA,1635260170839,3,26063,25272,78191,0.0,0,0,0,354,19,SUCCESS,78191,PRO,KiqOhQPjTamuBXicXnKGEA
CGS-BigBoson,1634188811277,3,26285,25857,78855,0.0,0,0,0,6894,20,SUCCESS,78855,PRO,U1DMLV72SSmIjLE-fPGbuw
Deepak-dpk,1635699880162,3,26345,26166,79035,0.0,0,0,0,2819,21,SUCCESS,79035,PRO,gDTBFK77TM6wD6uObZlulA
CGS-Huge-Hadr0n,1635652501270,3,26469,25047,79409,0.3333333333333333,0,1,1,1869,22,SUCCESS,79409,PRO,63LA0_QCQ1-fRLzXgWmAeQ
JPMC-HYD-SpeedSters,1635708111233,3,26648,24539,79945,0.3333333333333333,1,0,1,41,23,SUCCESS,79945,PRO,6fdcVCAkQtCCsyHEO0LNiA
MattKreder,1634960538575,3,27046,26409,81140,0.0,0,0,0,2767,24,SUCCESS,81140,PRO,cVk-aYKdRUmuL0qmjyzmag
CGS-on-your-12-hopefully,1635546217720,3,27183,26647,81550,0.0,0,0,0,1700,25,SUCCESS,81550,PRO,C4LEAeusQ8uY4gJ45GcKlg
SG-JPMC-03,1635713595294,3,27188,26655,81565,0.0,0,0,0,366,26,SUCCESS,81565,PRO,LJzDpiNuTFeHu9dsqp1APw
CGS-LargeLattice,1635117092423,3,27380,27375,82142,0.0,0,0,0,1376,27,SUCCESS,82142,PRO,o6NgljsnTOOelVAsofMR3g
JPMC-BMTH-RacersOfTheLostArk,1635561251031,3,32001,31661,96003,0.0,0,0,0,900,28,SUCCESS,96003,PRO,4607b3c36ab4490cad7a4w
Bandwidth-RnD,1634632343586,3,33649,33369,100949,0.0,0,0,0,852,29,SUCCESS,100949,PRO,77V1kp1kRJCO5D4zgSrqxA
Aurora-DNPds,1634538250057,3,34740,33757,104222,0.3333333333333333,0,1,1,1524,30,SUCCESS,104222,PRO,26fba66bedca4aa3bca47w
KenyaMpya,1634324869909,3,35367,35298,106102,0.0,0,0,0,3121,31,SUCCESS,106102,PRO,ttQ3BR0RTiGi0tdduIXIzA
UberAllen,1635366499149,3,35829,34286,107489,2.3333333333333335,0,7,7,1420,32,SUCCESS,107489,PRO,ASI6Udz9QCewwoQHEyDbpw
Yuliya,1635698665049,3,36058,33629,108175,0.3333333333333333,1,0,1,2464,33,SUCCESS,108175,PRO,JWJgkv8bSKeMIGYZ9roR-A
barkingdog,1635037476048,3,36283,34280,108851,1.3333333333333333,0,4,4,3281,34,SUCCESS,108851,PRO,b3960b6c6f58458880ceew
JPMC-LONDON-HandsFree,1634746396721,3,38618,29074,115856,2.6666666666666665,0,8,8,536,35,SUCCESS,115856,PRO,DZAYqyd-Tp6eE15IopWCgQ
ep-dr-racer1,1635030126047,3,38633,35493,115900,1.6666666666666667,0,5,5,2814,36,SUCCESS,115900,PRO,vEZxFEnhQHeI5tKR4Tz3rQ
blueberrypie,1634358505323,3,38718,37312,116156,2.6666666666666665,0,8,8,2747,37,SUCCESS,116156,PRO,EmZsQC41RtW5hhxb6z2-xQ
AIDeepRacer,1635522214755,3,38757,37096,116271,3.3333333333333335,0,10,10,175,38,SUCCESS,116271,PRO,pIRbdCx6QYatgVXm2p5GbA
Galileo,1634213827276,3,39721,37552,119165,0.3333333333333333,1,0,1,1156,39,SUCCESS,119165,PRO,Y79AzaaOR-u4LVKMxu1Mdw
S-P-,1635701461710,3,40308,33476,120924,1.3333333333333333,3,1,4,9,40,SUCCESS,120924,PRO,MxT5p4ZvSTOcc6ANa8VZNg
CGS-Slipstream,1635673638935,3,40535,38333,121605,0.3333333333333333,1,0,1,942,41,SUCCESS,121605,PRO,N6W21hRAQAqs-12kYgYM6Q
anuj-aggarwal,1635695207800,3,40654,37127,121962,0.6666666666666666,1,1,2,192,42,SUCCESS,121962,PRO,o_BkPc7jTK68tjHZiBRQEw
kimwooglae,1633230368101,3,41618,38481,124856,3.6666666666666665,0,11,11,2122,43,SUCCESS,124856,PRO,bOqKo-ebR_essdUaZVGO4Q
JPMC-MUM-006,1633903123886,3,41648,36137,124945,1.0,3,0,3,1,44,SUCCESS,124945,PRO,mvhmcw-ET5igAaFz3O6kGw
EnBW-Flitzer,1635309543840,3,41915,32660,125745,3.3333333333333335,1,9,10,39,45,SUCCESS,125745,PRO,je1HIMgRQtibB3H9325TRw
Janesoki,1635705187713,3,41918,39399,125754,0.3333333333333333,1,0,1,95,46,SUCCESS,125754,PRO,3SvT2_04Tl-5RIyNtDNtjA
Breadcentric,1633560015913,3,45713,40433,137141,4.666666666666667,1,13,14,9,47,SUCCESS,137141,PRO,SjNec5b-SpOk7y9b6rh4KQ
KenitoOvbioba,1634126769248,3,46424,42005,139272,0.6666666666666666,2,0,2,27,48,SUCCESS,139272,PRO,iRqwbBoKQY-tP2tGpIMlxA
Xavier,1633327993239,3,49251,44606,147753,3.6666666666666665,1,10,11,917,49,SUCCESS,147753,PRO,pPhTbPBRSg-L3tYPKcCjcA
ABaykov,1634332636530,3,49623,44596,148871,3.6666666666666665,3,8,11,100,50,SUCCESS,148871,PRO,aa28j7SWTd-LxMzvFoj_bA
Ash-DNPds,1635143851736,3,49908,47622,149726,3.3333333333333335,4,6,10,523,51,SUCCESS,149726,PRO,9aced9109a634d11a3134w
Jacky-LeadingAI,1635722488067,3,51874,45206,155624,7.333333333333333,0,22,22,11,52,SUCCESS,155624,PRO,G17n-1ZGRomjX-x9WXUvhw
kapil-kdn,1635719251347,3,52553,49927,157660,1.3333333333333333,2,2,4,79,53,SUCCESS,157660,PRO,vrUZUm-aQQCQ0rEZjXcfOA
ferrite,1635720458051,3,52891,47533,158675,2.0,3,3,6,10,54,SUCCESS,158675,PRO,SRAgn9lMTCmIjaBREP7hxA
Easy,1635484159982,3,53351,50311,160053,3.0,1,8,9,71,55,SUCCESS,160053,PRO,cgLgETS5QCGRqS1C87KqxQ
Joffe,1634068928880,3,53467,51769,160401,6.0,4,14,18,1,56,SUCCESS,160401,PRO,ce17e3bfe82649448e2f3w
RobinCastro-DBS,1635434817064,3,53510,47339,160531,4.333333333333333,2,11,13,15,57,SUCCESS,160531,PRO,7KrbyQXvTBOxnBa0p9YuUA
George-Ogden,1635168212239,3,53907,47811,161721,2.3333333333333335,2,5,7,113,58,SUCCESS,161721,PRO,qc3M_AUPQYm7aArDQ-X3Kg
drunken-monkey,1635544378605,3,54124,47662,162374,3.0,3,6,9,41,59,SUCCESS,162374,PRO,c7a82cb998e44f9abd469Q
DBro,1634312677007,3,54304,44525,162913,6.333333333333333,2,17,19,1,60,SUCCESS,162913,PRO,jEkEOpjZRhGUbyDZIfTo_A
Carvai,1634011260258,3,55495,44763,166485,6.0,4,14,18,7,61,SUCCESS,166485,PRO,SsDvF8JeRvaeXye0kQfvpA
JPMC-DriftKing-Houston,1634080944924,3,56048,47927,168145,7.0,5,16,21,1,62,SUCCESS,168145,PRO,fngewpiZSZm11yX7YgwnMA
Wingism,1633595591686,3,57730,52679,173192,2.3333333333333335,3,4,7,84,63,SUCCESS,173192,PRO,Spey2yUETeKA1doS2t-McQ
Off-track,1634965205438,3,57752,54735,173256,3.3333333333333335,2,8,10,511,64,SUCCESS,173256,PRO,1R021ZoDQrqxSUiHfBvyEw
racing-director,1635060976021,3,57867,54122,173603,2.0,2,4,6,34,65,SUCCESS,173603,PRO,xatwPe0GRi6-ntb20DPVpA
think,1633240481396,3,59423,53926,178270,6.333333333333333,6,13,19,1,66,SUCCESS,178270,PRO,IHHC4YftQLaMAs0VyXFJzw
Rober-rNiubo,1634675775979,3,59617,58952,178851,7.0,3,18,21,2,67,SUCCESS,178851,PRO,KrRSYhzKTfONjRaDUc_ubQ
mayurmadnani,1634485523083,3,59893,55591,179680,5.666666666666667,2,15,17,118,68,SUCCESS,179680,PRO,hr8K12KMRhSIDUEJbQT8fg
JPMC-MUMBAI-FormulaAI,1633459896956,3,60951,53533,182853,8.0,3,21,24,19,69,SUCCESS,182853,PRO,Gx2StgEoSza3Gxxo4Oghug
JPMC-HYD-FANTASTIC-FOUR,1633272460841,3,62250,60777,186752,3.6666666666666665,2,9,11,420,70,SUCCESS,186752,PRO,V0qPcq3FQhyn3gy0ysuUHw
BrainyTest#7599,1635566741360,3,63205,61500,189616,2.3333333333333335,3,4,7,25,71,SUCCESS,189616,PRO,k_aoSr_DRFq9xHHBn97OKQ
JPMC-NYC-OrangePeels,1635170645685,3,64141,59802,192425,2.6666666666666665,3,5,8,58,72,SUCCESS,192425,PRO,LHmnch7nR76PVsxm9dVaVA
Maximus-KK,1635354681509,3,64426,53807,193279,4.333333333333333,4,9,13,68,73,SUCCESS,193279,PRO,SUzu0ImUSkOv8U68lX_4Pg
BLR-JPMC-Minnal,1634542241043,3,64468,62344,193404,10.666666666666666,2,30,32,148,74,SUCCESS,193404,PRO,5QgNJ6hLRwOy2hUwgMKdig
VishOr,1634557762530,3,64577,50229,193731,4.0,4,8,12,10,75,SUCCESS,193731,PRO,vVLldFpfR32KUaZOn6LfKA
SRE-Aidan,1633338508557,3,64658,58785,193975,4.666666666666667,5,9,14,1,76,SUCCESS,193975,PRO,1rXjpWlKRyiBAiYXI8OM1w
SG-Chetak,1633311879974,3,64941,54680,194823,7.666666666666667,3,20,23,7,77,SUCCESS,194823,PRO,WSgyYux8TK-P40l8VL8jRg
dhuTest,1635718028309,3,65791,56154,197375,3.6666666666666665,7,4,11,7,78,SUCCESS,197375,PRO,FucTbbD6RRSzhXndhBZ2vQ
Yupa-DNPds,1635498885667,3,65955,50592,197867,7.333333333333333,5,17,22,11,79,SUCCESS,197867,PRO,jgRyYla-RkS2kr2rVBdEZA
Groovy-DNPds,1635339827754,3,66681,62537,200045,5.0,3,12,15,72,80,SUCCESS,200045,PRO,a4fb0e167d0e4112942c1Q
JPMC-JC-Falcon,1635391446302,3,66832,61531,200496,9.333333333333334,4,24,28,55,81,SUCCESS,200496,PRO,qc7OJpyiQMiAKhSLS39utQ
CGS-psychic-jello,1635330496977,3,67625,55605,202877,9.333333333333334,4,24,28,44,82,SUCCESS,202877,PRO,3WNSqfxEQfOCifW8vpC10A
Bayang,1633247041368,3,67933,61460,203799,8.333333333333334,2,23,25,49,83,SUCCESS,203799,PRO,7025becd29d44c3ca24b2Q
Group4-666,1635395890943,3,68050,65066,204151,6.0,2,16,18,4,84,SUCCESS,204151,PRO,jjwUs_W-SReK1QsEQ-BlbQ
RiyadhUddin,1635611033606,3,68142,64205,204428,7.333333333333333,4,18,22,25,85,SUCCESS,204428,PRO,XEDnTwq3S1Kz0rVPu0hfrA
JPMC-HYD-06,1633533713545,3,68172,61392,204517,6.333333333333333,3,16,19,51,86,SUCCESS,204517,PRO,u5StnMv9QNmxDwE06MKSbA
CGS-Toph,1633926852100,3,68174,65567,204522,4.333333333333333,5,8,13,13,87,SUCCESS,204522,PRO,139zdI5oSfacrXGrDYIapw
NguyenTrungThanh,1635179878878,3,68344,55085,205034,3.6666666666666665,5,6,11,23,88,SUCCESS,205034,PRO,kaVGgECET--R_b6c8bHhpQ
xqxq,1634687971795,3,68827,59863,206482,5.666666666666667,4,13,17,50,89,SUCCESS,206482,PRO,o-0H8EssSnOdpnutp931MA
Racer0,1633141234468,3,69111,61987,207335,9.666666666666666,5,24,29,5,90,SUCCESS,207335,PRO,dY54GPz6Q4-ri__AZcnzog
NO-BARKING,1634662674389,3,70029,65550,210087,9.0,4,23,27,16,91,SUCCESS,210087,PRO,CyqjETEUTvGDCkEBGsDskg
Euodial3,1634513117987,3,70122,69401,210366,7.0,1,20,21,10,92,SUCCESS,210366,PRO,VLcu6RhCQv6TxIHNvPzW4Q
Yo-no-fui,1633379517265,3,71279,62242,213838,10.0,3,27,30,2,93,SUCCESS,213838,PRO,BMnfFwxdQECmMf_8A7VHoA
yzhang19,1635122117702,3,71307,63517,213922,9.666666666666666,4,25,29,6,94,SUCCESS,213922,PRO,uXIy2OlTR0q-rPN-Z7ptbw
SwethaDeepRacer,1633199729661,3,72051,65488,216155,6.333333333333333,6,13,19,4,95,SUCCESS,216155,PRO,gRScGEGDTKKTiUUdqcb2kg
JPMC-Cloud-Cruisers,1635465429077,3,72054,65873,216163,10.666666666666666,4,28,32,101,96,SUCCESS,216163,PRO,ghx1iHPiSMq0RveHSU3pIA
gcjordi,1633278674438,3,72333,63806,217000,7.666666666666667,4,18,23,16,97,SUCCESS,217000,PRO,4n-0HYIyQ2241dJ4tZirRg
CGS-Today27,1635178356442,3,72356,68925,217069,8.666666666666666,3,23,26,233,98,SUCCESS,217069,PRO,HrBlUteeSWeHMKX1iBbvQg
BoogieTimeProductions,1633426079488,3,72496,67753,217490,8.333333333333334,4,21,25,9,99,SUCCESS,217490,PRO,MUyQlFafT0yFhQr1sApn9Q
CHI-CAMP,1635474620858,3,72982,66531,218946,9.0,5,22,27,19,100,SUCCESS,218946,PRO,Rsid4h0pT0WDVmvYWi4ymw
CaliSchwiizer,1635480596392,3,73046,64597,219138,7.666666666666667,7,16,23,1,101,SUCCESS,219138,PRO,5058375c4d2440908e5b1Q
LeaveMeAloneKimi,1634055405392,3,73065,66436,219195,8.333333333333334,4,21,25,5,102,SUCCESS,219195,PRO,h8dZa8BuTpqNhCdo6cftgg
Edgar-Samaz-Rup,1633785302593,3,73145,65284,219435,8.333333333333334,4,21,25,1,103,SUCCESS,219435,PRO,B7vhutbnSeaF681SK00pMg
Unsupervised-Racers,1634781010831,3,73781,60514,221345,8.333333333333334,5,20,25,13,104,SUCCESS,221345,PRO,owY2-b_kS9aa8-39rBz7Kw
JPMC-LDN-WhichWayIsReverse,1633721628377,3,73782,67536,221347,9.0,3,24,27,20,105,SUCCESS,221347,PRO,nnwMPoQdSfGiO9025TEbUA
BA-Team3,1633396405773,3,73867,67726,221601,7.666666666666667,4,19,23,12,106,SUCCESS,221601,PRO,-tV_CPPDRjydYKmXGOaeBw
Paradesi,1633835591714,3,74259,66949,222779,8.333333333333334,4,21,25,4,107,SUCCESS,222779,PRO,67697a7edfac47709d52dQ
SG-JPMC-FalsePositive,1635677694515,3,74329,52287,222987,10.0,5,25,30,31,108,SUCCESS,222987,PRO,a7S2V2QUTU6tPOYpA8RePQ
TPA-PCCSComrades,1635640562055,3,74586,61751,223758,9.0,5,22,27,7,109,SUCCESS,223758,PRO,WTUg-fcURfyu_1IFEzaAng
qnet1,1634657829303,3,74852,64551,224557,8.0,4,20,24,5,110,SUCCESS,224557,PRO,ndHmswy4RUa6R8LcyvrxOA
DeepRacer-08-1,1633113101556,3,74873,71085,224619,8.666666666666666,2,24,26,9,111,SUCCESS,224619,PRO,R2fKLJClSIyIZKqNmDKkTA
HoD-Robotics,1635721364140,3,74917,71384,224753,11.666666666666666,4,31,35,5,112,SUCCESS,224753,PRO,w_U1qiixRlCzIUI0N6B7aA
Mentaiko-DevelopersIO,1633068510031,3,75280,72099,225840,5.333333333333333,7,9,16,1,113,SUCCESS,225840,PRO,Wt5C8BPAS0OPlzY3-txb-w
Monkey-King,1635405169573,3,75558,73187,226676,10.0,4,26,30,2,114,SUCCESS,226676,PRO,mbSeRk4sSCmQL1Nt0iiQ8g
MING-CHUN,1633337041825,3,75783,61024,227351,7.0,7,14,21,1,115,SUCCESS,227351,PRO,qoQoafc4RhGMzWx_fwBp4w
Kire,1633090521557,3,76193,66628,228579,10.666666666666666,5,27,32,16,116,SUCCESS,228579,PRO,N0y9CR6fQN-a4UlAFsTC5Q
RDFZ-MisakaMikoto,1634684583795,3,76525,68670,229577,7.0,6,15,21,18,117,SUCCESS,229577,PRO,Sja72WycRretj8jTpSQ1OA
OneDudeDesign,1634786780027,3,77173,75653,231520,11.333333333333334,2,32,34,26,118,SUCCESS,231520,PRO,tLd0GWYiT0qzqq6YRFVXhg
xh,1634259577330,3,77243,75519,231729,11.333333333333334,3,31,34,11,119,SUCCESS,231729,PRO,beHkUVABTliM2d9TqY5dkg
Godfatherfigure,1635085558570,3,77389,73067,232169,9.0,6,21,27,5,120,SUCCESS,232169,PRO,irdS08NTSgCiNxJSTD7L2Q
rapirapi-BIP,1633592276836,3,77598,72126,232796,9.333333333333334,2,26,28,12,121,SUCCESS,232796,PRO,qsYR-A-0S2OHA1cvbeFfSg
SSC-Tuatara,1633108735234,3,77715,68659,233146,8.666666666666666,7,19,26,7,122,SUCCESS,233146,PRO,e5USFhVFTmmPU0Hi0EIykA
Chicago-03,1633659089160,3,77780,70220,233342,11.0,3,30,33,24,123,SUCCESS,233342,PRO,200cb7db61e44fa299f73Q
gigi-DNPds,1635405714345,3,78147,74621,234442,7.0,9,12,21,2,124,SUCCESS,234442,PRO,nkTUmamiSOWmb8YpN0p7aw
nalbam-me,1633845153884,3,79758,76879,239276,7.333333333333333,8,14,22,1,125,SUCCESS,239276,PRO,PnRru4vBRkeyT4xX6LOCtw
ContinuousGlyph#3877,1633265920936,3,79783,72490,239351,11.666666666666666,3,32,35,3,126,SUCCESS,239351,PRO,re9uYj4gQ3GhNBuFUC6BwA
Wasabi-DevelopersIO,1634875833544,3,80302,71481,240907,9.666666666666666,2,27,29,328,127,SUCCESS,240907,PRO,Fmb5j9UgQ_2xkleK0vwXOg
JPMC-HYD-04,1633068543262,3,80389,76793,241168,10.666666666666666,4,28,32,1,128,SUCCESS,241168,PRO,P3NlpEuNSISO3KBovWopJw
Rocketzill83,1633059933123,3,81027,75351,243083,7.666666666666667,5,18,23,13,129,SUCCESS,243083,PRO,IuAP6cgPTuqbDdVYWbzwyA
DeepRacer02,1633162048678,3,81354,75426,244062,8.666666666666666,6,20,26,7,130,SUCCESS,244062,PRO,YYT8Cpu9TSOuIFRHbfxvtw
Richard-Fan,1634783784401,3,81453,74544,244360,8.0,6,18,24,1,131,SUCCESS,244360,PRO,oxm3h2AtTpGqAnGZ4vzYpg
Group1-WuLingHongGuang,1633339172865,3,82419,70078,247259,10.666666666666666,2,30,32,16,132,SUCCESS,247259,PRO,GXKQAdSMQmyT-LC1DXEPeA
Ride-On-Mower,1633918402322,3,82520,80268,247561,7.0,10,11,21,1,133,SUCCESS,247561,PRO,06339a1ca89d41a5b6d98w
GummyBear,1633108850095,3,82991,67907,248973,8.0,9,15,24,3,134,SUCCESS,248973,PRO,6ec0eaaca4ea4f518879cw
FrecciaWoom,1635671730177,3,83512,75580,250537,7.333333333333333,10,12,22,1,135,SUCCESS,250537,PRO,16AUZWijTci_t46iQ4GykA
ENK2-DNPds,1633519025488,3,83663,73269,250989,6.0,9,9,18,5,136,SUCCESS,250989,PRO,85d81826764d4f78a53f8w
JPMC-Columbus-004,1635110081946,3,84558,75076,253675,13.666666666666666,4,37,41,9,137,SUCCESS,253675,PRO,1fecd68ded4342dfb484cQ
GT-Racing,1633723432909,3,84709,77969,254127,11.333333333333334,2,32,34,114,138,SUCCESS,254127,PRO,w9zvXqmyRFWjHCr1e_v0-g
AM730,1633318176582,3,85348,75198,256046,13.666666666666666,4,37,41,45,139,SUCCESS,256046,PRO,BVyCq7XIT-ObuDsJfFVtDA
Merfoulis,1633698347670,3,85425,73047,256275,13.333333333333334,3,37,40,26,140,SUCCESS,256275,PRO,ZXo038NgQoikG6lL_A5fVQ
KannothS,1633269619820,3,85587,80670,256763,9.0,7,20,27,2,141,SUCCESS,256763,PRO,dFaEIsFsRkClWWGWC0LlXg
Mungi,1634896182559,3,86096,82123,258289,13.666666666666666,4,37,41,1,142,SUCCESS,258289,PRO,RgTvucbNQja7yiYbgh2p9A
RafaelT,1634042484082,3,86471,84889,259415,6.666666666666667,8,12,20,9,143,SUCCESS,259415,PRO,nh20eR6wSW2uOCJ_nRnUvg
424958-kmizuno7,1633593625208,3,87007,83141,261021,13.666666666666666,4,37,41,7,144,SUCCESS,261021,PRO,xz30N1bEQ0ySTmxbCvCCIA
CGS-fatalerror,1634625223011,3,88305,78420,264915,12.0,4,32,36,2,145,SUCCESS,264915,PRO,kTED08Y1QGmShXiqEygh9w
Ifeanyi-Eze,1633436817005,3,88890,83331,266672,14.0,4,38,42,1,146,SUCCESS,266672,PRO,fXdXHOUlRBSTZ8Z4eO3iQg
Reference486#5750,1633575378715,3,89871,80657,269613,14.333333333333334,4,39,43,53,147,SUCCESS,269613,PRO,VI3hnIwlRUul0-NtJugszg
Monash-DeepNeuron,1634030062802,3,90155,80200,270467,7.0,10,11,21,4,148,SUCCESS,270467,PRO,Nsfz-VNJT82KJVXH3hzBVA
iliu,1635472921839,3,90513,87576,271541,10.0,11,19,30,10,149,SUCCESS,271541,PRO,878c0778e5244d8d99e1aw
NicholasAgain,1633109634590,3,90776,79279,272330,10.0,6,24,30,5,150,SUCCESS,272330,PRO,rp7sKXoWTFK7laN_vNNDQw
joe-test,1634128105230,3,91098,83203,273296,8.666666666666666,8,18,26,2,151,SUCCESS,273296,PRO,4i6G_hahR9uaUIlKlGIfMA
onlythree,1635412274359,3,91415,82547,274247,13.0,9,30,39,1,152,SUCCESS,274247,PRO,23e254b25ea0443389ed6w
NRI-hokenDA-01,1634273364870,3,91705,83146,275116,14.333333333333334,3,40,43,3,153,SUCCESS,275116,PRO,zElWUOM5R4yJOYuT-rLM_Q
CGS-9Mile,1635295432821,3,92588,89980,277766,11.333333333333334,8,26,34,4,154,SUCCESS,277766,PRO,ZPCD0DNvQwqWdAt7zw4C0Q
ssm-DevelopersIO,1634899848947,3,92726,84944,278180,11.0,10,23,33,1,155,SUCCESS,278180,PRO,XWuPseyZQLOMJ31jSvdfog
JPMC-BLR-TeamRocket,1634025098607,3,93075,84532,279227,16.666666666666668,6,44,50,4,156,SUCCESS,279227,PRO,862178ae6d6947ff88c95Q
JPMC-BA-MiguelG,1634773046261,3,93282,86143,279846,16.0,6,42,48,32,157,SUCCESS,279846,PRO,ITPfFYXmSXKi3TqsvUHRKw
Albert-Hawaii,1635723387078,3,93507,77012,280523,14.666666666666666,4,40,44,1,158,SUCCESS,280523,PRO,5xzaRf8ARKGtvQNQlMicaQ
Dolphin-DNPds,1634870450618,3,93565,80601,280695,10.333333333333334,15,16,31,1,159,SUCCESS,280695,PRO,btC_8cWwQoGQwFZKwxyuRQ
JPMC-Columbus-UpRoar-Penny,1635308271875,3,93920,89863,281760,11.0,5,28,33,9,160,SUCCESS,281760,PRO,Vb_Y1j67Qs27FM0BP3PUyg
Race-Tech,1634801955827,3,94963,77677,284891,15.0,3,42,45,13,161,SUCCESS,284891,PRO,MmRGVHAeRN-aG65Mw2niTg
Abraham,1633144054212,3,95417,81299,286252,13.666666666666666,5,36,41,1,162,SUCCESS,286252,PRO,Jj-YeMdiRd-dLEPfJ-aDGA
Langley-BIP,1633916293705,3,95519,91260,286558,11.333333333333334,10,24,34,6,163,SUCCESS,286558,PRO,8JXLSKkhQVin2JwAVdbPzw
NicholasHawaii,1633133108905,3,95570,87566,286710,17.333333333333332,6,46,52,2,164,SUCCESS,286710,PRO,f4G2zbpwR92u3Of7FG9fSg
CS26,1633148474355,3,95960,94460,287882,15.333333333333334,3,43,46,17,165,SUCCESS,287882,PRO,FDJhasexR4KMZJoky8tWbQ
Prijesh-D,1633110411925,3,96216,89814,288650,12.333333333333334,5,32,37,5,166,SUCCESS,288650,PRO,zpuFTLFxSt6hyvlE6Os45w
JPMC-HK-CondorSpire,1633594734896,3,96368,85410,289105,18.0,9,45,54,3,167,SUCCESS,289105,PRO,wQl2h07uTuOPY9Uvk9DIEw
Ashiq,1633273579440,3,97964,95319,293893,8.666666666666666,14,12,26,3,168,SUCCESS,293893,PRO,afEastFHR7maoIMhMnROJw
Aircraft-003,1633244217302,3,98194,93953,294583,16.0,6,42,48,1,169,SUCCESS,294583,PRO,L2kof6WKSfueaiWjHMRdSw
Sesame,1634570151920,3,98384,90312,295152,15.666666666666666,6,41,47,1,170,SUCCESS,295152,PRO,FfDk6O3eSJqhbIAiznZqTA
LeoVim,1635231081797,3,98406,92596,295218,11.333333333333334,11,23,34,6,171,SUCCESS,295218,PRO,-vr0ppK9Sei4dXrz_iibXw
Racer-1313,1633199705395,3,98712,95623,296136,15.666666666666666,5,42,47,1,172,SUCCESS,296136,PRO,e3-X2TwuTA6cTqacM3Q42w
Justin-Tann-the-Cool-Mann,1635119281009,3,98856,78336,296570,13.333333333333334,3,37,40,76,173,SUCCESS,296570,PRO,ccNEH7YrSuyqX5mStDDeXg
SophiaWin,1634907524717,3,99202,90331,297607,8.666666666666666,14,12,26,1,174,SUCCESS,297607,PRO,C4c67FxAQxKDPnVG48wkGg
GoodmanKR,1634972103616,3,99835,93857,299507,16.666666666666668,4,46,50,11,175,SUCCESS,299507,PRO,f905b742ca594aadb529eQ
thehaketern,1634593757884,3,100305,79793,300915,12.666666666666666,9,29,38,4,176,SUCCESS,300915,PRO,z-bK-IhDSBypuQ0bpDtS0w
DesktopSchematic#1980,1633614031764,3,100738,72133,302216,12.666666666666666,7,31,38,1,177,SUCCESS,302216,PRO,qSmqR-GMS_mAliHDv_2S-w
AndresParis,1633130389303,3,101073,94719,303219,19.666666666666668,4,55,59,20,178,SUCCESS,303219,PRO,qhMIFF7nQ4aRKybohCUwUQ
DO-BIP,1633611492415,3,101880,96459,305640,4.0,12,0,12,1,179,SUCCESS,305640,PRO,76nNoQ0nSDm0H1YlUhHLXw
Group5-666,1633329658610,3,101961,95494,305885,16.0,10,38,48,4,180,SUCCESS,305885,PRO,Dgvppv-NRAilv3hlTzHmiA
JPMC-HOU-RacerStars,1633384035878,3,102196,93591,306589,18.666666666666668,5,51,56,2,181,SUCCESS,306589,PRO,64bbcd919ce94266a0594w
FrecciaWuMo,1635670011485,3,102642,95080,307927,8.333333333333334,8,17,25,1,182,SUCCESS,307927,PRO,c761c0ed217a4b7eb374bQ
ruslanzdor,1633134482547,3,102725,90410,308176,18.666666666666668,2,54,56,3,183,SUCCESS,308176,PRO,bSCu7jrFSmK_nC-JOWYmQQ
TheOldTrackBoss,1633905110635,3,102945,86415,308837,14.333333333333334,7,36,43,2,184,SUCCESS,308837,PRO,hbVXmPNNTAGt_ndmy0JCtg
PathingBreaker#8749,1633791781087,3,104065,93137,312195,17.333333333333332,6,46,52,6,185,SUCCESS,312195,PRO,mVHZuh39SVuCDCvjc2lqtw
Timo,1633227338432,3,104301,98153,312903,17.0,8,43,51,1,186,SUCCESS,312903,PRO,fhhH_Ml7QeCg9zVVeW9jPQ
lsRIB01,1633390609313,3,105584,103200,316752,20.666666666666668,5,57,62,11,187,SUCCESS,316752,PRO,haD4tlwiRw6aGCpKeimW9Q
QUICK-DeepRacer,1634890559903,3,105833,90073,317499,17.0,5,45,51,10,188,SUCCESS,317499,PRO,a4aqLCXVS4GF5GFQr0gruQ
RDFZ-bruh,1633765425123,3,106275,98490,318826,9.0,14,13,27,11,189,SUCCESS,318826,PRO,pe0W4l8eTsiF5BkYll6TPw
BLR-DR-006,1635412041669,3,106504,94818,319513,19.0,8,49,57,2,190,SUCCESS,319513,PRO,LBum2P-0S-qIFFQiLpTv2A
BrynosWorldRacing,1633764444315,3,106721,103757,320165,15.666666666666666,5,42,47,12,191,SUCCESS,320165,PRO,83190cee1d344cc79c721Q
StarShyam,1633661418173,3,107939,106596,323818,9.666666666666666,13,16,29,1,192,SUCCESS,323818,PRO,7edaQ9aQQo2vz_NdmEbtjA
masaminh,1633486584755,3,108134,97072,324403,12.666666666666666,11,27,38,2,193,SUCCESS,324403,PRO,3f4b99c85f324fad91bb5w
oldmon,1633334376962,3,108617,102809,325852,17.666666666666668,10,43,53,5,194,SUCCESS,325852,PRO,62e6fa9116494c5b836cbQ
JOKES,1635492831877,3,109154,100016,327463,19.666666666666668,8,51,59,2,195,SUCCESS,327463,PRO,OFbQYhTvSJunXjO56JgyUg
paitest,1633243520469,3,109759,99715,329279,14.666666666666666,6,38,44,3,196,SUCCESS,329279,PRO,VhnfGTUPQB2n5R2yg1m6aQ
RDFZ-RDFZ,1634490392190,3,110008,102006,330025,17.0,7,44,51,15,197,SUCCESS,330025,PRO,JYzSEWNETBGuudH_UDQx7Q
OlehKardash,1633113816635,3,110373,103900,331120,16.333333333333332,14,35,49,7,198,SUCCESS,331120,PRO,dsBwtdhbQrKMep6mz26E9Q
ZHY001,1633759002432,3,111246,93876,333739,21.333333333333332,10,54,64,1,199,SUCCESS,333739,PRO,1hZp1olqT-KNbOEOZVgYTA
Hernito,1633991387117,3,111365,107482,334097,22.0,5,61,66,5,200,SUCCESS,334097,PRO,gCJhu_w5R8OqqMjY-MMqOQ
BENGALURU-PLUTO,1634575305790,3,112806,93957,338419,22.333333333333332,3,64,67,1,201,SUCCESS,338419,PRO,FJ2CDWDHTm27SCfHqEpdXQ
ThisExpert#4349,1635243309125,3,113611,109061,340833,15.0,14,31,45,1,202,SUCCESS,340833,PRO,DtlyblgTRWGwmYHXOyUGoA
dsc241220-0-KimJoeun,1635407364510,3,116342,112810,349027,18.666666666666668,10,46,56,3,203,SUCCESS,349027,PRO,0rn00UNATyeeOcqIYnBAXg
theBenForce-dr,1633776456793,3,116499,108316,349498,18.0,9,45,54,10,204,SUCCESS,349498,PRO,uzdXf58nQUuL0vm_nYyciw
Tuatara,1633368720195,3,116990,109405,350971,21.0,7,56,63,13,205,SUCCESS,350971,PRO,hrH6s269T26O0IyM1Y2o6g
CGS-seaRacer,1633725735566,3,117998,108856,353994,10.333333333333334,12,19,31,11,206,SUCCESS,353994,PRO,fA3w68tIQg28E2o7cECkug
2022-CN-N-M-Weilai,1634555315773,3,118223,110204,354669,22.0,10,56,66,3,207,SUCCESS,354669,PRO,RlfzrR7kTaO-cPtZnC--NQ
CGS-dQw4w9WgXcQ,1634567629401,3,119139,96242,357419,7.333333333333333,13,9,22,11,208,SUCCESS,357419,PRO,0Z2OGverTdWW2_C2-jS-mw
NFS-DevelopersIO,1634740061582,3,119555,112520,358665,22.666666666666668,10,58,68,1,209,SUCCESS,358665,PRO,GK7UAsIgT-GSTRiXQi_cLQ
IceManNCSU,1634653953095,3,119607,92491,358823,16.333333333333332,15,34,49,1,210,SUCCESS,358823,PRO,3a7d947b99fb49f682909Q
RDFZ--TAIWAN-IS-A-PART-OF-CHINA,1634402354259,3,120977,96179,362931,25.0,7,67,75,17,211,SUCCESS,362931,PRO,2CWDfJG2Rp2spT8ENKG33A
Oluwatomisin,1633194268814,3,122410,112018,367230,8.0,22,2,24,2,212,SUCCESS,367230,PRO,EF2zp7I7Q96CSDzQAT2W_w
RappiChris,1635299488270,3,123150,114856,369452,16.666666666666668,9,41,50,1,213,SUCCESS,369452,PRO,tx-1-H9ZQJaQBRadxRBDRA
MeekyT,1635008129857,3,124728,115821,374184,10.0,24,6,30,1,214,SUCCESS,374184,PRO,BbitMt8jRtW-cvLayKmp6A
Maverick1717,1633695956717,3,127887,124022,383662,13.666666666666666,18,23,41,1,215,SUCCESS,383662,PRO,VWLWjBIFSAmbpwnoNAk8tA
RobotCharacter#2969,1633735121589,3,128483,111130,385449,9.0,14,13,27,2,216,SUCCESS,385449,PRO,mOYnTeKUQy24M7R1ds5uBA
Jetray007,1634323780804,3,131317,119874,393952,11.666666666666666,20,15,35,1,217,SUCCESS,393952,PRO,cH0XuAS0R5CCDKOVH2Mi-g
AlbertoOsorio,1634772889133,3,132089,128912,396269,10.666666666666666,25,7,32,1,218,SUCCESS,396269,PRO,P-HwQ8WySWGUt69Sgnoklw
Vishesh27,1634239504728,3,133286,130218,399859,9.333333333333334,19,9,28,1,219,SUCCESS,399859,PRO,yoPfIayJSw-hDhYe3CyqKw
MASTERRACER,1633722227107,3,133959,130059,401879,11.0,15,18,33,2,220,SUCCESS,401879,PRO,Va4lndseRtOxkaNuwkPYkA
RakeshBarman,1633166842727,3,137313,131317,411941,10.0,19,11,30,3,221,SUCCESS,411941,PRO,ZWvJbN-7Q-S0OLScZtE7WQ
RunningMan,1633597170918,3,137790,128641,413372,29.0,10,77,87,1,222,SUCCESS,413372,PRO,e1A0P5pyQmaKTr7RU_d9ag
CopenhagenRacer123,1633543800451,3,137995,135687,413985,25.666666666666668,10,67,77,1,223,SUCCESS,413985,PRO,af2ad3c3f52647cfb8e6aQ
EUodia,1635666261499,3,141431,131074,424293,30.333333333333332,7,84,91,3,224,SUCCESS,424293,PRO,-1303lgLT_m-Hv7DWVWwVQ
Peng,1634271003355,3,141642,134962,424928,23.666666666666668,18,53,71,1,225,SUCCESS,424928,PRO,xQnDRDyJQpaGykBcyDfbiw
defreez,1634070387025,3,147463,141629,442389,14.666666666666666,21,23,44,1,226,SUCCESS,442389,PRO,ASYsPt4lS96qh14IPRGjxg
Si,1633776887806,3,150275,107866,450825,12.666666666666666,24,14,38,1,227,SUCCESS,450825,PRO,vfIYqrhHRayVCk5rIL2-dw
Racer-Dhwani,1635056364591,3,156616,148600,469848,30.666666666666668,17,75,92,1,228,SUCCESS,469848,PRO,XPYABAP2S4ynD56vqAnXHw
Arigatouz,1635519691963,3,162749,154844,488249,36.666666666666664,8,102,110,1,229,SUCCESS,488249,PRO,TYbtAn3TRyOmp-W7cQ7_Yg
fuchida-MAINICHI,1634889297312,3,188603,178014,565811,41.333333333333336,10,114,124,1,230,SUCCESS,565811,PRO,HGiJghg0TqyXmMhVedqfRw
Robomon,1635128228003,3,214047,207588,642142,39.666666666666664,18,101,119,1,231,SUCCESS,642142,PRO,9-gHhYn6T_KJjCTZQ0kLFQ
