Rank,Alias,SubmissionTime,LapCount,AvgLapTime,BestLapTime,TotalLapTime,AvgResets,CollisionCount,OffTrackCount,ResetCount,SubmissionCount,LeaderboardSubmissionStatusType,RankingScore,UserId
1,rosscomp1,1736479957880,3,7998,7797,23996,0.0,0,0,0,8,SUCCESS,7998,fb0d597a87f94697aa1c6w
2,CodeMachine,1736315979195,3,8129,7870,24389,0.0,0,0,0,5,SUCCESS,8129,b_WzN_r8ToGPle_8bl2tMA
3,pmi-knk4#2630,1736419917554,3,9821,9665,29465,0.0,0,0,0,32,SUCCESS,9821,1ZYesBf7TMufV0hhreTW-w
4,Dexxtz,1736602228670,3,10351,9940,31053,0.0,0,0,0,37,SUCCESS,10351,tabxmSFdSiuDVkEWW34mTA
5,KingoftheTrack,1736715663597,3,10996,10600,32988,0.0,0,0,0,3,SUCCESS,10996,ACg6IYaIQNi--irQmpdiHg
6,FabioMaxV,1736781310816,3,11642,11591,34927,0.0,0,0,0,22,SUCCESS,11642,fkCXzcxUQAu40C7Qxc3EzA
7,godmod007,1736373438218,3,11908,11736,35725,0.0,0,0,0,3,SUCCESS,11908,sqtQ9FnDStmvWBZ2nMrhMg
8,LeetAbstraction#8915,1737434946612,3,12309,12003,36929,0.0,0,0,0,2,SUCCESS,12309,cTuc9lE7TKizvn6Tcm4ukA
9,KasztP,1736346822856,3,12661,12398,37983,0.0,0,0,0,8,SUCCESS,12661,B_NHhZzIT7yLboMZHKC3Qw
10,molirs,1736959763371,3,13398,11334,40196,0.3333333333333333,0,1,1,2,SUCCESS,13398,lnQsADKsSoivWcOtun4JvA
11,FabRacer,1737731856900,3,13619,13263,40857,0.0,0,0,0,19,SUCCESS,13619,YXjU-6WZTe65g7_YyZPJrA
12,TurboTrekker#1484,1736851976261,3,13686,13336,41059,0.0,0,0,0,6,SUCCESS,13686,3fRoUnWaRyKBEUfNNSyNLw
13,InfiniteSchematic#1853,1736964424093,3,13708,13604,41126,0.0,0,0,0,9,SUCCESS,13708,kvTLTDZ3SPerxPxJaneaMQ
14,MobileLambda#0014,1737515073966,3,14333,12134,43001,0.3333333333333333,0,1,1,4,SUCCESS,14333,sgTpntopQByQBDMMXZhNQA
15,MobilePresentation#3056,1737628242278,3,14377,13870,43132,0.0,0,0,0,1,SUCCESS,14377,BsBdhONuSY2J5fetQxp7Pg
16,ryu,1736577619972,3,14419,14388,43258,0.0,0,0,0,2,SUCCESS,14419,VJ3BbvBVTJul_5HJYllepg
17,HameenHitain#42,1737536017014,3,14463,10661,43390,0.6666666666666666,0,2,2,1,SUCCESS,14463,44YjKeFtRFyv_g8ljvEg1w
18,SecureContext#7340,1737592684523,3,14576,14202,43728,0.0,0,0,0,39,SUCCESS,14576,EYJDojYARbOlvYPB-FZvGg
19,CodeRacer,1736249183464,3,14576,12531,43730,0.3333333333333333,0,1,1,7,SUCCESS,14576,tnqWItYPQHSdeehLYjaXow
20,RecursivePoint#0548,1737515004793,3,14577,12269,43731,0.3333333333333333,0,1,1,4,SUCCESS,14577,xICPeKK3QW6e_EM7jcUoqQ
21,ProcessingAttention#4984,1737632898212,3,14640,14200,43920,0.0,0,0,0,2,SUCCESS,14640,WzWIHzkbTXOUtIqjRh2sug
22,harinezumi-DNPds,1737736412352,3,14641,10533,43924,0.6666666666666666,0,2,2,4,SUCCESS,14641,6hha6WtBQLCivJX9auQn6A
23,BetaTable#8197,1736956574889,3,14777,14267,44332,0.0,0,0,0,8,SUCCESS,14777,KVbMHtWUR6iCkKh1smr9rA
24,TKU-CSIE-598,1737269093489,3,14863,14409,44591,0.0,0,0,0,8,SUCCESS,14863,Sk1HgnwlTqGB7D95-Qoy3w
25,ntsh#10114,1736700880274,3,14887,14595,44661,0.0,0,0,0,5,SUCCESS,14887,gHGsNXwLRLSZapyIhR5zGQ
26,VNU#Brian,1736452110247,3,14975,13000,44926,0.3333333333333333,0,1,1,15,SUCCESS,14975,E0YFaeCuScykS1fW-fybUA
27,DeepTester#0072,1737457307589,3,15063,14536,45191,0.0,0,0,0,6,SUCCESS,15063,fzF_so0oQ-qTZg3l0Atbig
28,Marcos2#IABD,1737575914281,3,15086,14871,45260,0.0,0,0,0,4,SUCCESS,15086,Nzvoix05RKGU7HOrCAjeaw
29,CreativeDigit#6264,1736922815364,3,15131,14606,45393,0.0,0,0,0,1,SUCCESS,15131,0JLGnvdmQCmiFF-omUZ3Sw
30,AutomatedEvaluation#0857,1736807010783,3,15503,15396,46510,0.0,0,0,0,6,SUCCESS,15503,aeUPwoHETf2I89fK76PDsg
31,IterableZone#3360,1737086776870,3,15670,14869,47011,0.3333333333333333,0,1,1,5,SUCCESS,15670,GCNAasmBRaWw64rL0dFerA
32,EncryptedDescriptor#9837,1737716312244,3,15795,15532,47387,0.0,0,0,0,1,SUCCESS,15795,0VgyJDQPSC23JXbQhPZdgg
33,BigEngineer#7554,1737715766225,3,15930,15734,47792,0.0,0,0,0,1,SUCCESS,15930,HWUmSU7xT4KpJ61Mxtuolg
34,UpgradedDigit#2468,1736887523493,3,15952,15342,47857,0.0,0,0,0,4,SUCCESS,15952,F8BxAbpIRUaTOtOwsRnNdA
35,InfinitePresentation#7714,1736806384086,3,16063,15537,48191,0.0,0,0,0,7,SUCCESS,16063,JycgsrVLQHmVmPAichWdrQ
36,InteractiveSemicolon#0326,1737641344113,3,16153,14005,48459,0.3333333333333333,0,1,1,6,SUCCESS,16153,2s7hQN1tT0-D9xM4ZMEJpg
37,TestableLambda#2426,1737749687068,3,16241,16003,48725,0.0,0,0,0,21,SUCCESS,16241,RjF4Po2mTXGbT7hd4mIzGQ
38,GabrielGarcia#3911,1736957853884,3,16309,15867,48928,0.0,0,0,0,1,SUCCESS,16309,iN2h4ISnQDijxGLuOcWkMA
39,UpgradedNotation#4099,1736681535611,3,16360,14532,49081,0.3333333333333333,0,1,1,7,SUCCESS,16360,3hZs7_U_Q5Sj5Oj_PqyG3Q
40,CreativeSandbox#4841,1736857344328,3,16375,15999,49127,0.0,0,0,0,6,SUCCESS,16375,4QAf8pi1QDqgv0v3wk3vWw
41,EncryptedDescriptor#1530,1736402980598,3,16419,16263,49258,0.0,0,0,0,1,SUCCESS,16419,JGBQMfvUSEqhs1WPAlqiGg
42,leftside45,1737793202934,3,16464,14794,49393,0.3333333333333333,0,1,1,3,SUCCESS,16464,01c9d15b4ccb4f6ea0a29w
43,MemoryBuster#7587,1737589037966,3,16465,14070,49397,0.3333333333333333,0,1,1,7,SUCCESS,16465,aJr1nC8hRnGBUwezq7dSYg
44,UrgentBuster#3694,1737611956476,3,16485,13931,49455,0.3333333333333333,0,1,1,8,SUCCESS,16485,jBRvNjZeQsilrRRVGd4uCA
45,EcJedi,1737341530812,3,16598,12934,49796,0.6666666666666666,0,2,2,6,SUCCESS,16598,ymsmu71lS16JqbbKJyY-kg
46,HashableScript#6276,1737286356294,3,16620,14530,49862,0.3333333333333333,0,1,1,1,SUCCESS,16620,AgWabEXTQkuGXLw2YkospA
47,WebPointer#2637,1736804318481,3,16798,16599,50394,0.0,0,0,0,5,SUCCESS,16798,3epKtiQpQKSn5gLsgeRzBA
48,AutomatedDataset#0642,1737616044927,3,16863,16201,50591,0.0,0,0,0,2,SUCCESS,16863,3Ov6CcohQbuCpczJQ_z_uA
49,ProvisionalLambda#1061,1737732787247,3,16997,16600,50991,0.0,0,0,0,1,SUCCESS,16997,n-PXsk5rRECoL7tmvoCjCg
50,raj-1205,1737629215767,3,17018,16467,51056,0.0,0,0,0,1,SUCCESS,17018,558a49745f8843aea7db6w
51,ProvisionalInterface#9862,1736381812457,3,17194,15400,51583,0.3333333333333333,0,1,1,1,SUCCESS,17194,pRlbmM0USQGGlTimA79TyA
52,EsteemedLine#9273,1737515208770,3,17196,13934,51589,0.6666666666666666,0,2,2,6,SUCCESS,17196,Zc6xUQwmSC2xRYxsIcSKzA
53,ProvisionalLoop#9876,1737001845880,3,17242,14867,51726,0.3333333333333333,0,1,1,3,SUCCESS,17242,CE7Evhg8Q8mvjFzX3eY-HA
54,SolvableSchema#7419,1737658692524,3,17377,16933,52131,0.0,0,0,0,3,SUCCESS,17377,KIhT9ID8SOywgSzwzB88tA
55,ASCIIToken#8290,1737533035527,3,17391,15135,52175,0.3333333333333333,0,1,1,2,SUCCESS,17391,1HhTtE6zT2uEjlhFC4CfIg
56,IntelligentComment#5484,1736698146378,3,17396,16866,52190,0.0,0,0,0,3,SUCCESS,17396,onIgm0RmQEakAN_pRYaKXw
57,PassingTest#4627,1737627043555,3,17530,15201,52590,0.3333333333333333,0,1,1,1,SUCCESS,17530,a7v0BvqSSx2frZEOpCAu1Q
58,FormulaicEnvironment#1048,1737525831212,3,17710,15986,53130,0.3333333333333333,0,1,1,22,SUCCESS,17710,f_b_4uVURcWQIKhIeqpfvg
59,761242500723-SG23-prakashph,1736838119771,3,17773,13935,53321,0.6666666666666666,0,2,2,1,SUCCESS,17773,z3Dr5_R7TpSBzhiXoJKspw
60,Pacholu,1736443611722,3,17796,14066,53390,0.6666666666666666,0,2,2,7,SUCCESS,17796,eoQsP5ZCS9ukoMb46I6ACA
61,GenerativeAbstraction#6755,1736392384984,3,17796,14863,53388,0.3333333333333333,0,1,1,1,SUCCESS,17796,McNlTzqcQOqEVep8Jeg72A
62,IntelligentZone#4377,1737714843236,3,17932,15667,53798,0.3333333333333333,0,1,1,4,SUCCESS,17932,g79s9ftiSqafcuTzFYC3lw
63,Mikelus,1737732653979,3,17997,15935,53991,0.3333333333333333,0,1,1,17,SUCCESS,17997,SL47FQyORae51BNEC5bitA
64,DraftSandbox#1244,1737167471908,3,18046,14801,54139,0.6666666666666666,0,2,2,8,SUCCESS,18046,LpNGcrCdR1mhApEXSEIKxw
65,jameswarin,1737168974483,3,18065,18000,54197,0.0,0,0,0,16,SUCCESS,18065,TZro07vnRlKfao6_8ESSsA
66,Gabo#1995,1736530543714,3,18109,12204,54327,1.0,0,3,3,14,SUCCESS,18109,jwjbMURBSZuDUfaJQN34-Q
67,Kuako,1737144483956,3,18160,15998,54480,0.3333333333333333,0,1,1,1,SUCCESS,18160,g3jpBKVBQrSJ7YjOu4pYhw
68,CyberneticArray#7230,1737514934062,3,18174,17926,54523,1.0,0,3,3,4,SUCCESS,18174,PyX-RmdsQ72Y9RpRiNaTJQ
69,Brian#VNU,1736491563425,3,18241,15801,54723,0.3333333333333333,0,1,1,7,SUCCESS,18241,VI5RzvvvTGCkB-gJh98FkA
70,Zippitydo-data,1737104488883,3,18242,14732,54726,0.3333333333333333,0,1,1,3,SUCCESS,18242,gSgHFy9WRhCfES9TO3-A6Q
71,ProcessingFunction#6469,1736887329531,3,18397,16263,55193,0.3333333333333333,0,1,1,1,SUCCESS,18397,5nLRZZktRw-XuSonVsZ7zw
72,FocusedEnvironment#1468,1737375269476,3,18418,18069,55256,0.0,0,0,0,6,SUCCESS,18418,44MZEXzVTOaTFVz-BMlx9w
73,LeetTag#1114,1736887783892,3,18493,16655,55479,0.3333333333333333,0,1,1,4,SUCCESS,18493,juSRUUiwQjWDAyCfzk6XyA
74,PITS-fuji,1737428971968,3,18553,13130,55659,1.0,0,3,3,1,SUCCESS,18553,4EUY_lqeRwWurkDRKtpL8w
75,ThisSchema#8592,1737469990582,3,18573,18195,55721,0.0,0,0,0,4,SUCCESS,18573,7JO6OJSCQV2Hml74g4imgA
76,CriticalLine#8274,1736237355421,3,18598,17594,55795,0.0,0,0,0,25,SUCCESS,18598,Nc-YFZzSRp6HgkYkTWg0uQ
77,HelpfulCharacter#0344,1737612582659,3,18909,13196,56728,1.0,0,3,3,7,SUCCESS,18909,MKRRVyx0QoKF8SbqcBCUIA
78,RecursiveBrackets#3417,1737532309037,3,18929,15984,56787,0.6666666666666666,0,2,2,4,SUCCESS,18929,PI7APpbMRPGCcsALwovgHA
79,ntxracer,1737744941034,3,18931,15263,56793,0.6666666666666666,0,2,2,1,SUCCESS,18931,f-E0BiKNRrCumpV8ivZjXQ
80,VirtualState#4269,1737622721320,3,19131,15596,57395,0.6666666666666666,0,2,2,1,SUCCESS,19131,7N4yQoVERo2joTZL44pJyA
81,IntelligentEngineer#6788,1737626503470,3,19152,15334,57456,0.6666666666666666,0,2,2,1,SUCCESS,19152,hLFUsWYTSC-8XmVrh1YOJg
82,VadzimM,1737727004953,3,19174,15467,57523,0.6666666666666666,0,2,2,10,SUCCESS,19174,rv9LlynnSNOUeUw-zceJDA
83,Gunny,1736746142385,3,19196,17733,57589,0.3333333333333333,0,1,1,3,SUCCESS,19196,m5-I630sTqyWjEYTg5eO9Q
84,DeepBooster#9370,1737558337390,3,19219,18668,57659,0.0,0,0,0,38,SUCCESS,19219,emCCAr6oTDeN2vUQG9HraQ
85,GammaUpgrade#9217,1736241815227,3,19220,15803,57662,0.6666666666666666,0,2,2,10,SUCCESS,19220,5GAlg5Y8QleLQis75XcjIA
86,AbstractScope#1326,1736864103824,3,19466,13931,58399,1.0,0,3,3,6,SUCCESS,19466,iuqJ37QJQn20NcgIFeqjpw
87,TrainingSeason,1737683027835,3,19485,17659,58457,1.3333333333333333,0,4,4,1,SUCCESS,19485,2ZrGrnCTTLac0_y0h4IxEQ
88,HigherPointer#0080,1737714717994,3,19486,16125,58458,0.6666666666666666,0,2,2,1,SUCCESS,19486,vBM1-YZ0SMK-VD09LUTXbg
89,LoopingContext#7771,1737699269035,3,19551,15788,58655,0.6666666666666666,0,2,2,1,SUCCESS,19551,MoJ4smLrTbm7FDWh--PBDQ
90,RedBullRacers2025,1737571262098,3,19574,15738,58724,0.6666666666666666,0,2,2,6,SUCCESS,19574,67HGWn8kSVu97WcugZ6zwg
91,AsynchronousAnalysis#1718,1737398165861,3,19577,17323,58733,0.6666666666666666,0,2,2,3,SUCCESS,19577,Oad431ZkS32K7Yj_mskE-g
92,IkerTrUN,1736491629772,3,19663,19000,58991,1.0,0,3,3,4,SUCCESS,19663,5em2wQLgSUiMpqjuCLqjyA
93,Lecatilloman,1737576348033,3,19708,14535,59124,1.0,0,3,3,7,SUCCESS,19708,bK0yIgr8RgGSJp0fjqhhvw
94,Mr-M,1736778649709,3,19863,16989,59589,1.6666666666666667,0,5,5,1,SUCCESS,19863,2ECHiXhgSUCFlZ8R-iSI9Q
95,CGRacer,1737763041956,3,19868,17940,59604,0.3333333333333333,0,1,1,2,SUCCESS,19868,27hKvOuPSnmvdipQQdPcrw
96,DraftPatch#7689,1736423484797,3,19887,18864,59662,0.0,0,0,0,1,SUCCESS,19887,JGbUZ83NSu2Dv0eoOsi7sw
97,HigherHypothesis#7906,1737514113314,3,19954,13671,59862,1.0,0,3,3,1,SUCCESS,19954,2zDjRBpISGCWu2AflhOMgQ
98,RecursiveState#2234,1737621707225,3,19975,19731,59927,1.0,0,3,3,1,SUCCESS,19975,2iRKeAMMRhyy_oqSYBQvdw
99,IterableFunction#7929,1737538288297,3,20018,17050,60056,0.6666666666666666,0,2,2,2,SUCCESS,20018,2NXMBaezRmmIU8qQqP0_EQ
100,BlockchainLoop#3479,1737715463122,3,20019,16520,60057,0.6666666666666666,0,2,2,1,SUCCESS,20019,uA4zSiWER4GpKJmm3DWW0A
101,ContinuousAbstraction#1086,1736979086069,3,20085,17733,60257,0.6666666666666666,0,2,2,6,SUCCESS,20085,MalYDhzKTV-ySSrEXH4UaQ
102,SolvableBreaker#2725,1737495353617,3,20264,17391,60793,0.6666666666666666,0,2,2,3,SUCCESS,20264,CwDwx9LcQPi8WCIKtr-hqA
103,ParametricGlyph#3894,1736842341997,3,20442,19664,61327,0.0,0,0,0,17,SUCCESS,20442,VMmM7adZT9KsB8VqpgWh0w
104,Hypnozze,1736471821018,3,20466,16466,61400,0.6666666666666666,0,2,2,1,SUCCESS,20466,aloyCgU-Rg-7P8wYuHlPDg
105,PassingBuster#0064,1736339541448,3,20486,19672,61459,0.0,0,0,0,7,SUCCESS,20486,4A5G-7pjR2K85IaK0mMiPg
106,CurlyNumber#2137,1737759115988,3,20508,18267,61524,1.3333333333333333,0,4,4,4,SUCCESS,20508,BpRW3ZlJSAeTWkhPZ-dz5w
107,JIT,1736431906356,3,20552,20331,61656,0.0,0,0,0,4,SUCCESS,20552,UutVFGRCRJakJaqvn4db2w
108,TabletNamespace#8473,1736507430408,3,20665,20197,61995,0.0,0,0,0,2,SUCCESS,20665,lFVE6ZhzS3C87ntREqFGMQ
109,PrototypeBrackets#5439,1737596541085,3,20674,15535,62022,1.0,0,3,3,6,SUCCESS,20674,72o7vHRgQ6WXk6JRa-EvVA
110,Wheres-My-Library,1737265787266,3,20708,20266,62124,0.0,0,0,0,2,SUCCESS,20708,FhHU1C_oTZKEJquZRb0UsQ
111,MechanicalShell#3029,1737739197522,3,20733,15611,62201,1.0,0,3,3,4,SUCCESS,20733,XEi8fvMkTeuxiEzeVEOd4g
112,InteractiveString#7532,1737619132491,3,20907,18058,62722,0.6666666666666666,0,2,2,1,SUCCESS,20907,DYTOarjzQH6WC8M4HvBlAA
113,CriticalSchematic#9855,1736979282882,3,21174,19800,63524,0.0,0,0,0,2,SUCCESS,21174,fjbTbN8cTPyG_tpUvOtFJw
114,GlobalModel#9063,1737700379098,3,21196,16266,63590,1.0,0,3,3,1,SUCCESS,21196,t93xZKu_TeS_KjpZQyV6BQ
115,CyberneticCallback#6105,1736537548172,3,21287,21063,63862,1.0,0,3,3,4,SUCCESS,21287,dIgZR7EaSP-Naam4bEIFGw
116,jacksonklopp-2025,1737762269491,3,21307,19262,63921,1.3333333333333333,0,4,4,6,SUCCESS,21307,LXxSvLEcRFi1jZgA36JFMA
117,UrgentBooster#6490,1736890703467,3,21331,16072,63995,1.0,0,3,3,1,SUCCESS,21331,qs_XpJqUTaKD0HewtNHU1w
118,Zero-dayCircuit#1492,1736302232297,3,21376,17930,64129,0.6666666666666666,0,2,2,4,SUCCESS,21376,KGhQ4gxPSp2nzAOJcI7MTw
119,ProgrammingFormula#7221,1737527198750,3,21376,15865,64128,1.0,0,3,3,1,SUCCESS,21376,1vjAHiZhSxivzwg7G8nCFA
120,StructuredTech#3896,1737712353579,3,21530,17599,64590,0.6666666666666666,0,2,2,1,SUCCESS,21530,QQpf69LhQGKwTbrfKKitlg
121,TheTrackBoss,1736338990951,3,21575,18127,64727,1.6666666666666667,0,5,5,1,SUCCESS,21575,8kmOVCCjRP2GsRSHapuQXw
122,TestableSemicolon#7314,1737017427475,3,21708,16741,65124,1.0,0,3,3,5,SUCCESS,21708,-UkO0j2mSsK1Tmb2sH25sQ
123,SquareZone#1638,1736349391592,3,21709,15868,65129,1.0,0,3,3,8,SUCCESS,21709,CEdJ1jJhT6WZc4cygTYQew
124,BetaDescriptor#3751,1736436584207,3,21737,15005,65213,1.0,0,2,3,2,SUCCESS,21737,R5VQz_AfR7u8metJXG7JOQ
125,FocusedDescriptor#2552,1736954625442,3,21754,19870,65262,0.3333333333333333,0,1,1,14,SUCCESS,21754,5mtCmL9oR0qFm8IvBpTqWA
126,UnboundSlice#1563,1737110648016,3,21909,21802,65727,1.0,0,3,3,1,SUCCESS,21909,nl3rlYe9TJqNQYkou8J3cw
127,ComplexTest#3821,1736648748191,3,21952,14661,65858,1.3333333333333333,0,4,4,8,SUCCESS,21952,DwBQzhRMQD2PDeT1nRdX6A
128,RecursiveCircuit#8366,1736870219004,3,22108,21269,66325,0.0,0,0,0,24,SUCCESS,22108,KJN-UkdhT-GdkUeqVluxjg
129,BooleanNotation#0417,1737107979447,3,22196,15063,66588,1.3333333333333333,0,4,4,7,SUCCESS,22196,tlguBQIeQ62ocTKv5NLDmA
130,ssorensen-chwy-2025,1737407591019,3,22220,18865,66661,0.6666666666666666,0,2,2,2,SUCCESS,22220,Nuq6TcT1RKuTI88Hw-1YfQ
131,PrimeRequirements#5774,1737715092470,3,22264,16675,66792,1.0,0,3,3,1,SUCCESS,22264,XE7Vt9ZaRUCsqRxx3EoStg
132,BrainyContext#1852,1737327280282,3,22355,17591,67065,1.0,0,3,3,1,SUCCESS,22355,EqwhBjSMQ9ajjWUrMEpAzA
133,VariableFormula#6980,1736988126352,3,22486,20793,67459,1.3333333333333333,0,4,4,19,SUCCESS,22486,CeLjtmpBSrqSaSi9_g8_4Q
134,CompleteLog#3268,1736945100455,3,22509,22400,67529,0.0,0,0,0,2,SUCCESS,22509,pdOBbnLlSlGmr3TdmCNrdg
135,CreativeFormula#4784,1736944345850,3,22509,14872,67528,1.3333333333333333,0,4,4,2,SUCCESS,22509,WPfQu__PTge-IoodibKStg
136,MechanicalPackage#2026,1737771157307,3,22551,21060,67653,0.0,0,0,0,10,SUCCESS,22551,ncgc3465Q_qbIlHckFDqRg
137,LoopingValue#4736,1737147547411,3,22665,20531,67996,1.3333333333333333,0,4,4,4,SUCCESS,22665,PjrQ7cSZTSqsR25_g7clWw
138,GenerativeByte#0359,1737756753583,3,22683,16396,68051,1.3333333333333333,0,4,4,1,SUCCESS,22683,07DA58JgTMmPUa7stsekQQ
139,Dots,1737184886858,3,22775,17591,68327,2.0,0,6,6,2,SUCCESS,22775,eFanxdl4R22QTt5v53RaGQ
140,ThisSchema#4196,1736790616663,3,22997,20269,68991,0.3333333333333333,0,1,1,6,SUCCESS,22997,t9aBx9MxTombu2hQ09dwNQ
141,TabletMethod#1281,1736489992044,3,22997,22066,68991,0.0,0,0,0,9,SUCCESS,22997,POD7D1O3RiGyg9f76iB1EA
142,Nikolas#3381,1736856129182,3,23089,19337,69268,1.6666666666666667,0,5,5,2,SUCCESS,23089,7oxOxxn0QKGM-cA8Mne0jw
143,CodeNode#9888,1737529699710,3,23152,15659,69457,1.3333333333333333,0,4,4,2,SUCCESS,23152,zaYPn3sKTlmeOzV_BqnqSw
144,NeuralSequence#6495,1737699866633,3,23174,22867,69524,1.0,0,3,3,1,SUCCESS,23174,n5tr3eoAQsuwTqj8XgsWGw
145,QuickRequirements#8653,1737621370521,3,23175,21135,69527,1.3333333333333333,0,4,4,1,SUCCESS,23175,CHiwJs2dSvKXXx7BjRjj0A
146,StructuredPackage#7561,1736693088242,3,23197,16590,69593,1.3333333333333333,0,4,4,1,SUCCESS,23197,vY33GrHeSuCixV25i780KA
147,CyberneticByte#7636,1736256697995,3,23218,19261,69654,0.6666666666666666,0,2,2,1,SUCCESS,23218,WsjTvS48Tj6SKYukZKKL4w
148,SneedRacer,1737734118729,3,23265,23065,69795,2.0,0,6,6,2,SUCCESS,23265,EprA2JZ7SsihMmzbw-RxpQ
149,ghzx-jbw,1736652183297,3,23287,17868,69861,1.0,0,3,3,1,SUCCESS,23287,Hom65uotTbWtb6oBVUgIww
150,ProcessingGrid#4451,1736415354040,3,23330,21137,69990,1.3333333333333333,0,4,4,6,SUCCESS,23330,00u8-p59Tv2NyhHkpyWddA
151,BlockchainAbstraction#1158,1737527025412,3,23397,22666,70191,1.0,0,3,3,2,SUCCESS,23397,quzRTE-uTvSte9N5r23mEg
152,TestableTheory#7010,1737528177398,3,23516,21478,70548,1.3333333333333333,0,4,4,2,SUCCESS,23516,vCeP5BZhSXiHfNRJsgowuw
153,RacingRanjan,1737576487688,3,23532,23272,70596,1.0,0,3,3,1,SUCCESS,23532,MQRfMz85Qxmj_EChD9wfxA
154,SolvableDelta#7593,1737381222923,3,23598,21935,70795,1.3333333333333333,0,4,4,1,SUCCESS,23598,aiHteSKeR52NBcukPFsHxQ
155,CleanGrid#5936,1737363133290,3,23664,22804,70994,0.0,0,0,0,1,SUCCESS,23664,Ames5H6qRvCYJtkg4ukqlg
156,NestedComment#6154,1736963812386,3,23829,17258,71488,1.3333333333333333,0,4,4,1,SUCCESS,23829,xx_WbCleSHqHZHLwmNNjSA
157,DeepFunction#2036,1737458676329,3,23884,21593,71654,1.3333333333333333,0,4,4,3,SUCCESS,23884,YC0EqrEiQaSI8aIGVhgF6Q
158,CurlyState#2994,1736886410371,3,23952,23397,71857,0.0,0,0,0,15,SUCCESS,23952,zUr3z6p7QOGMvY6fnRI8Vw
159,FungibleDiff#8925,1737166628100,3,24018,23068,72056,1.0,0,3,3,2,SUCCESS,24018,KWjtEO9BT_Odzz0MW-Fmuw
160,gcjordi,1736283873813,3,24085,20265,72257,1.6666666666666667,0,5,5,1,SUCCESS,24085,4n-0HYIyQ2241dJ4tZirRg
161,BigMethod#3556,1736750647756,3,24108,21063,72325,1.6666666666666667,0,5,5,2,SUCCESS,24108,Ej9fZ6-YSKC5Wsz1IkDsCA
162,MemoryGrid#7161,1736230893528,3,24264,15064,72792,1.6666666666666667,0,5,5,1,SUCCESS,24264,BNwKM8-YRQCuX9ntomCRjQ
163,BooleanDigit#1756,1736598679832,3,24286,16526,72860,1.6666666666666667,0,5,5,1,SUCCESS,24286,ewSl6olcT7e6gk_Strrnlg
164,UpdatedPackage#7170,1736670460546,3,24420,21193,73260,0.6666666666666666,0,2,2,7,SUCCESS,24420,BPkAihlkRv6f1hMg6jEvZg
165,IcemanTaylor,1737652451216,3,24534,21538,73604,1.3333333333333333,0,4,4,5,SUCCESS,24534,snHaoM1HQ26NW1rMO2MRFQ
166,FungibleBrackets#4211,1736853565198,3,24795,20596,74386,1.6666666666666667,0,5,5,2,SUCCESS,24795,OYricSmDSnSqkSlVT9OoAQ
167,BooleanCoder#8198,1737002475379,3,24885,24728,74657,0.0,0,0,0,1,SUCCESS,24885,eb20DmyGQruaXYzpn7q_Og
168,InfiniteLanguage#2365,1737816352684,3,24910,24602,74730,2.0,0,6,6,1,SUCCESS,24910,q4Mhaw2_RjCE6WKBPPAeiw
169,CleanSwitch#1322,1737767018972,3,24910,19526,74730,2.0,0,6,6,1,SUCCESS,24910,n_auceybSUOELm7O1NO9aQ
170,SignificantName#1355,1737143188145,3,24998,19657,74995,2.0,0,6,6,5,SUCCESS,24998,uHpPajGyT_e63UVXRQQ08w
171,CrypticContext#7314,1737576618195,3,25287,20199,75861,1.0,0,3,3,1,SUCCESS,25287,5veZ6yw1RVqUotguFjG2kg
172,PathingAttention#1630,1736403210646,3,25488,21670,76465,0.6666666666666666,0,2,2,11,SUCCESS,25488,VnGfwUraRuagO7rx4q8OGg
173,UrgentLoop#8704,1737602880049,3,25706,25601,77118,2.0,0,6,6,2,SUCCESS,25706,tWAclLJ7RL2wTFH0v--sJA
174,ChoosenOne-Dani-Estatut,1737398255939,3,25775,23467,77326,2.3333333333333335,0,7,7,3,SUCCESS,25775,2HEvR8nwRbmWP02_fF4AuA
175,BooleanExpert#8688,1737561472212,3,25776,21935,77328,1.6666666666666667,0,5,5,1,SUCCESS,25776,3lUDrj1aT2uJas8nfRTQEw
176,tusrau,1737353922839,3,25930,22131,77791,0.6666666666666666,0,2,2,1,SUCCESS,25930,pxr_EG7iQBGAGWuI0rbTdw
177,AleCi,1737638851570,3,26269,22006,78809,2.0,0,6,6,1,SUCCESS,26269,R3HcTqybRx26I4O6xo9Qcg
178,JoshDmngxD,1736440279061,3,26398,24071,79195,0.0,0,0,0,1,SUCCESS,26398,47-GQmXeRQqdchQTOcfOwQ
179,FormulaicBreaker#3242,1737576021468,3,26529,20258,79588,1.0,0,3,3,1,SUCCESS,26529,ITEevPNcRiqCgTaGeMx5BQ
180,MemoryMachine#6448,1736925019281,3,26754,19472,80262,1.3333333333333333,0,4,4,7,SUCCESS,26754,PymeC2SfQR-nIOw5VFfMGQ
181,Muthu-Rider,1737732827857,3,26776,21733,80330,1.0,0,3,3,1,SUCCESS,26776,-M-omqCfQXiQ83l35hCA0g
182,Cosmos,1737582557974,3,26842,26535,80526,2.0,0,6,6,1,SUCCESS,26842,-IeEBKGMTXWtJqLgi7MiUA
183,AlphaPointer#0598,1737622145015,3,27019,23594,81059,1.6666666666666667,0,5,5,1,SUCCESS,27019,evpSFLdLQVaoXAZRgThZQQ
184,ProgrammingOrder#9099,1737556757375,3,27021,26867,81063,0.0,0,0,0,1,SUCCESS,27021,hb1mka4-S7ClzG4dYM2N-A
185,Tarunk,1737576313913,3,27042,24792,81128,0.3333333333333333,0,1,1,1,SUCCESS,27042,Qn7mqgDtSmy7r9vYjh6YGA
186,RafaelT,1737006469550,3,27328,25270,81984,2.3333333333333335,0,7,7,2,SUCCESS,27328,nh20eR6wSW2uOCJ_nRnUvg
187,PassingBraces#7578,1736394922985,3,27464,27393,82392,0.0,0,0,0,2,SUCCESS,27464,QsjLX2pnS3uS1Sw2ugFyUQ
188,RecursiveArgument#0042,1736319914254,3,27485,25001,82457,2.3333333333333335,0,7,7,15,SUCCESS,27485,3OREfy9oSY29YdmdR0ZBAg
189,ArtificialString#0319,1737613308069,3,27800,20734,83400,1.6666666666666667,0,5,5,1,SUCCESS,27800,lbTcsIrXRuWST5nXb9gq3Q
190,CompleteState#8487,1736449977741,3,27977,27924,83933,0.0,0,0,0,5,SUCCESS,27977,xdTmE1PEQxSVyMapiyeDHg
191,YermanTuringIABD,1737546739270,3,28134,18201,84404,2.0,0,6,6,7,SUCCESS,28134,TK4KA0YrR_u-vAgA39MrUA
192,CurlyPoint#5282,1737559282489,3,28152,22533,84458,1.6666666666666667,0,5,5,1,SUCCESS,28152,w_xoLI_OSSmMTd1pelGjxg
193,BetoRapido,1736769975234,3,28310,20269,84930,3.3333333333333335,0,10,10,2,SUCCESS,28310,-PClOjzDRICU-6XWXaiA0w
194,GenerativeAnalysis#0798,1736248207783,3,28310,27998,84930,0.0,0,0,0,1,SUCCESS,28310,MXEs39-OQ_6qXbEt4IKmxg
195,MobileDescriptor#1020,1737450886016,3,28398,28192,85196,0.0,0,0,0,10,SUCCESS,28398,YgfZZ7koShWZFFr_IGe1cg
196,DraftGame#4465,1737631916677,3,28418,20318,85254,2.3333333333333335,0,7,7,9,SUCCESS,28418,oga76o6HQoyaltR98r0EVg
197,BrainyDiff#0455,1736473362391,3,28531,27862,85593,0.0,0,0,0,1,SUCCESS,28531,7zLhYOedTnWmkDHIoYhlBw
198,SantaClausIsComingToTown,1736543810889,3,28551,27797,85655,3.0,0,9,9,1,SUCCESS,28551,KjLcIZ1QTfq1u-lh2RBRBA
199,AlphaAnalyst#1885,1737661602352,3,28552,28468,85658,0.0,0,0,0,1,SUCCESS,28552,rpyg8-IbQlmHKTT2FbtUbA
200,jsodaghar-chwy-2025,1736248631481,3,28708,24334,86124,1.6666666666666667,0,5,5,15,SUCCESS,28708,O0b-NNFvQEarJM7kpDMNAg
201,CyberneticNamespace#1518,1736391398135,3,28819,28331,86459,1.0,0,3,3,4,SUCCESS,28819,0FQzhjTbT8mgjhk75Cq65g
202,PythonSlice#5221,1736250040394,3,28820,28537,86461,0.0,0,0,0,1,SUCCESS,28820,XjFuvIbVSk260Rr2DOcscQ
203,wclark2-chwy-2025,1737791766678,3,28865,28801,86595,0.0,0,0,0,4,SUCCESS,28865,umycWj6HQNqDAsFNzSYysA
204,ComplicatedPatch#8971,1737748377841,3,28907,23332,86722,3.0,0,9,9,1,SUCCESS,28907,nVgrbAJ2Qla8nOthDF-0nw
205,EncryptedSchema#3914,1736948698718,3,28931,28663,86793,0.0,0,0,0,1,SUCCESS,28931,uf3kAdiHTmSEe3cHlP71cA
206,DesktopSchematic#6504,1736939550552,3,29019,28657,87059,0.0,0,0,0,1,SUCCESS,29019,90Nzq2vZTzKpmZtpKQQ46Q
207,QualifiedTable#9735,1736969411891,3,29059,28797,87178,0.0,0,0,0,3,SUCCESS,29059,5_BLi2d4R_mmR09IaY-WHw
208,SequentialRequirements#9406,1737418500107,3,29263,28992,87789,0.0,0,0,0,1,SUCCESS,29263,wJQelq6aSdmXZ0HpVkw0Og
209,ImmutableUpdate#7533,1736669707966,3,29285,28935,87856,0.0,0,0,0,1,SUCCESS,29285,G3YPMtWXS0a6_MF30oINzQ
210,lpsofia,1736965790672,3,29287,22461,87862,2.3333333333333335,0,7,7,5,SUCCESS,29287,6-TutnWpSpmJcG0QAmdA3A
211,UnicodeDigit#5420,1737001750219,3,29335,29001,88005,0.0,0,0,0,3,SUCCESS,29335,2WrNNb4PQfyp-wv_5bIrng
212,BetaOrder#1810,1736854464855,3,29375,29200,88125,0.0,0,0,0,1,SUCCESS,29375,9mKYA9_7RVCMHFe3AIbFdQ
213,ReferenceSpec#9762,1736383948329,3,29443,28465,88330,0.0,0,0,0,2,SUCCESS,29443,k28sm3W2T2OuDNHIUFTQdg
214,ProcessingDocumentation#5914,1736776576167,3,29621,29207,88864,0.0,0,0,0,1,SUCCESS,29621,ken0Vd06TzWzShSz-oUDKw
215,MechanicalEvaluation#2705,1736508548011,3,29644,25926,88933,1.6666666666666667,0,5,5,3,SUCCESS,29644,0vSi8WC2RuWm3NKZAQqtJg
216,StructuredTester#3653,1736800843619,3,29686,29537,89059,0.0,0,0,0,1,SUCCESS,29686,J92M3zPCTOigN1rcaF0KAA
217,AbstractGlyph#0472,1736513718402,3,29686,29658,89059,0.0,0,0,0,1,SUCCESS,29686,p-muOAiFQU-mHXGhlcTzFg
218,QualifiedHacker#5112,1736248557391,3,29687,28731,89062,0.0,0,0,0,1,SUCCESS,29687,6_rNrTl5R92WBhwSVKdHRw
219,ProvisionalMethod#5107,1737448227958,3,29730,29530,89190,0.0,0,0,0,10,SUCCESS,29730,qPjO-t7ARS-cgx9EqlNrhQ
220,RocketZone#7359,1736283359222,3,29753,29532,89261,0.0,0,0,0,1,SUCCESS,29753,FSpLGIe5Sue5sIPsJ7KM-Q
221,AtomicFunction#4129,1737787199618,3,29755,29325,89266,0.0,0,0,0,3,SUCCESS,29755,6b30DqPNT-2uHuLJO5MOkg
222,FormulaicDataset#1158,1737070474416,3,29776,29720,89330,0.0,0,0,0,1,SUCCESS,29776,X44bMDs9RWGMBx8Anm1vzg
223,AutomatedClass#2744,1736486742613,3,29797,29387,89391,0.0,0,0,0,1,SUCCESS,29797,9zoGiBvWSj2V3T2U2N1MHw
224,InteractiveSwitch#5670,1737038653952,3,29797,29731,89391,0.0,0,0,0,2,SUCCESS,29797,UDJ7qSotRWm85H04tjtGXw
225,DesktopSpec#8152,1736966407584,3,29818,29664,89455,3.0,0,9,9,3,SUCCESS,29818,YoPTL_jKRYqHszuVpK0KWQ
226,FiniteContext#2732,1736390638069,3,29952,29803,89856,0.0,0,0,0,2,SUCCESS,29952,v0rwqDXLSDmnfKAjohy7BQ
227,ConnectedWorkaround#3111,1737402394881,3,29996,29334,89990,0.0,0,0,0,1,SUCCESS,29996,ejRRVZPqSMSfCLAY6tq0gQ
228,QuickAnalyst#5788,1736974431317,3,30091,29397,90274,1.0,0,3,3,2,SUCCESS,30091,LuJ69rDdTduY3rcG8ll3dQ
229,SequentialBottleneck#3243,1736483578543,3,30134,29407,90402,0.0,0,0,0,1,SUCCESS,30134,YEhqiTJoRN-FYS3GK3tlsw
230,TabletDescriptor#8253,1736509210936,3,30154,30069,90464,0.0,0,0,0,1,SUCCESS,30154,zMFMkAx7Rc2t2RYu2YIw9g
231,TopGRacer#8889,1736470755504,3,30177,27931,90532,2.3333333333333335,0,7,7,1,SUCCESS,30177,xOrnIcTTQ4ySmRsVfZ8rtw
232,PrototypeClass#9314,1737729841257,3,30197,29864,90593,0.0,0,0,0,2,SUCCESS,30197,DKLpPJBzTL-MKVDUz-0ToA
233,FocusedHacker#2826,1736395097539,3,30240,30133,90722,0.0,0,0,0,1,SUCCESS,30240,pMS39aMLQJ6c5mWX2j5UWw
234,nicoscience,1737266617822,3,30285,30122,90855,0.0,0,0,0,2,SUCCESS,30285,mUvpQ3ZiT-K6byWx3IrIHA
235,RocketInterface#7045,1736871242503,3,30285,28457,90857,0.3333333333333333,0,1,1,1,SUCCESS,30285,LXvBNzlBRRy3cRgs47N00w
236,LoopingSchema#6255,1736252031941,3,30288,26068,90865,2.6666666666666665,0,8,8,1,SUCCESS,30288,lHnjfhuAQ9y_vhHVUr0PyQ
237,InteractiveNamespace#9782,1737578993471,3,30352,30200,91056,0.0,0,0,0,1,SUCCESS,30352,mpDlDyXSQUS213gJBNDfWw
238,AccessibleDelta#9064,1737223344786,3,30553,30527,91661,0.0,0,0,0,1,SUCCESS,30553,sx-vNhksQHCSp9SIQnHJcw
239,SequentialRequirements#7320,1736383871040,3,30597,29802,91793,0.0,0,0,0,2,SUCCESS,30597,i2zo_b7kRdSpzYfKThtZ-g
240,UnboundNode#8611,1737504677498,3,30597,30536,91791,0.0,0,0,0,1,SUCCESS,30597,GWWcwyLfQz6AXrU3bVzS8g
241,LeetZone#4018,1736841986686,3,30753,30666,92260,0.0,0,0,0,1,SUCCESS,30753,6hMH2rlETbuQaXLMmjzeZw
242,FuturisticError#1646,1737694584196,3,30796,30529,92389,0.0,0,0,0,1,SUCCESS,30796,u3v6vKvaSyKnazYdEN0Mtw
243,Kotone-Matsutani,1736957395234,3,30886,22867,92659,3.3333333333333335,0,10,10,6,SUCCESS,30886,ekQ2DfWtTPiIARwP_fhpaQ
244,UpgradedArithmetic#9302,1737155736768,3,30952,30141,92857,0.0,0,0,0,1,SUCCESS,30952,2Nhkyaq_R_CEH4qLrfwpag
245,jana,1737577113216,3,30973,30866,92921,0.0,0,0,0,1,SUCCESS,30973,JrtPbUy9QHqYJ5OJ-Rwqew
246,GammaState#1727,1736791639366,3,31063,30799,93190,0.0,0,0,0,1,SUCCESS,31063,2dlZTitnSL-5oZbEeajDAQ
247,PrototypeDelta#3340,1737521367812,3,31065,30932,93195,0.0,0,0,0,1,SUCCESS,31065,ihAr-31wQpiOdB8WxJr39g
248,NumericNamespace#3940,1736551538739,3,31084,30532,93254,0.0,0,0,0,1,SUCCESS,31084,plc_fZaMREW-3af5BsSrQQ
249,ASCIITag#2893,1737264736123,3,31240,31068,93722,0.0,0,0,0,1,SUCCESS,31240,Y5CqpkhxT6yhZ6Y6MOk5qQ
250,PrimeTable#2918,1736875040963,3,31244,23863,93733,3.3333333333333335,0,10,10,3,SUCCESS,31244,BYcXufpQRA6WSTjjY4Pjiw
251,WebEvaluation#7453,1737122704243,3,31308,30992,93925,0.0,0,0,0,1,SUCCESS,31308,EHLh5BuBRXWf7c2yygwQ0Q
252,QualifiedObject#8553,1737691361996,3,31352,31262,94058,0.0,0,0,0,1,SUCCESS,31352,QenBgQ9UQqKE5cJRUvttdQ
253,BackloggedCallback#1294,1736853625872,3,31352,30989,94056,0.0,0,0,0,1,SUCCESS,31352,pVRP162fSXGIFivQc9IfOg
254,NumericDigit#9866,1736793170831,3,31463,30665,94391,0.0,0,0,0,4,SUCCESS,31463,4xfRG2tERE2DLGEE6ZlyeQ
255,FocusedAttention#0816,1736309748881,3,31485,31268,94457,0.0,0,0,0,1,SUCCESS,31485,fQAlLA2HR8mIZx-2TXG4VA
256,ContinuousBuster#2332,1736275254636,3,31507,31199,94522,0.0,0,0,0,1,SUCCESS,31507,dM70ARhCQt6FLB9xShypXQ
257,Raffikis,1736796142788,3,31508,27729,94526,0.6666666666666666,0,2,2,2,SUCCESS,31508,6P1ZWjtnR4CchfBq8oiWeg
258,RocketResource#5887,1736903996981,3,31530,30935,94590,0.0,0,0,0,3,SUCCESS,31530,Tt5VvAElRgqYHD61VjG9AQ
259,GlobalPatch#7935,1736420914687,3,31575,29866,94727,0.3333333333333333,0,1,1,1,SUCCESS,31575,033ZADEwRBCYrcJECEoqsA
260,LoopingGrid#4673,1736936719222,3,31620,31591,94860,0.0,0,0,0,2,SUCCESS,31620,gceflZyHQT6cHWMOotkWmQ
261,DigitalZone#5085,1736532897112,3,31727,31192,95181,0.0,0,0,0,1,SUCCESS,31727,_VOnikT8RxWLCUzDOeTCXQ
262,PassingNumber#6645,1737626846744,3,31820,31529,95462,0.0,0,0,0,1,SUCCESS,31820,59WrDjENTeaa3Hm4fyIC6Q
263,AbstractSchema#6376,1736379343004,3,31821,28001,95463,0.6666666666666666,0,2,2,1,SUCCESS,31821,es-_sUJLSwmM6hwZdLsU-w
264,Curly486#9171,1736447590510,3,31934,26206,95804,2.0,0,6,6,4,SUCCESS,31934,tFPZ80quTgWOLqXKtQznFA
265,FunctionalHacker#9699,1737038744958,3,31975,29939,95927,0.3333333333333333,0,1,1,2,SUCCESS,31975,PKJ2uNp9Ro-FrxyDONkiXQ
266,BackloggedLoop#0386,1736397704351,3,31997,20733,95991,3.0,0,9,9,2,SUCCESS,31997,B9tpNn6hQjG2IXrG8XKcLw
267,BackloggedCircuit#6340,1736982001298,3,32129,31061,96389,0.0,0,0,0,1,SUCCESS,32129,S6B0zgZtR_SPbg7NiGWrJg
268,Guillermo-Bernal,1736976832003,3,32130,19669,96392,3.3333333333333335,0,10,10,1,SUCCESS,32130,shhOqKSHSwCsoahKJJea8Q
269,Rex#8015,1736978754310,3,32131,21999,96394,3.6666666666666665,0,11,11,5,SUCCESS,32131,rvcCsF9lR9y4XDfghA4wtw
270,AndoniGeriano,1736440343045,3,32308,26522,96924,3.0,0,9,9,1,SUCCESS,32308,pp__lGeIT5SGzYYRHLrnpA
271,NeuralError#7823,1736942289926,3,32361,30201,97084,0.3333333333333333,0,1,1,2,SUCCESS,32361,QCz3-oVOSNOc6i1_QUipfA
272,HashableTester#1668,1736939158739,3,32443,30202,97330,0.3333333333333333,0,1,1,1,SUCCESS,32443,b1T446NPRquujI6wLx2xNg
273,Marcos#IABD,1736977531585,3,32641,30126,97924,2.3333333333333335,0,7,7,5,SUCCESS,32641,LpLoh1cdSVaAu897VVJmzw
274,SriramRajamani,1737575762360,3,32708,26065,98124,2.3333333333333335,0,7,7,1,SUCCESS,32708,CbPyK7b-QWWbF0mekmfVjw
275,10xDelta#8985,1736321628686,3,32731,31061,98195,0.3333333333333333,0,1,1,1,SUCCESS,32731,vd6F3UXyQc-6b2nSp84Qzg
276,SecureVariable#1351,1737722504505,3,32732,19669,98196,3.3333333333333335,0,10,10,3,SUCCESS,32732,in98nt_TQIqPAp_OqTqZng
277,CrypticDocumentation#8282,1736211228942,3,32795,32654,98386,0.0,0,0,0,4,SUCCESS,32795,sfZ-dSDJSJSNcbfJIcGASA
278,IntelligentString#3749,1736940266986,3,32799,31668,98397,0.0,0,0,0,1,SUCCESS,32799,L70q6sAIQTKWfWH44JBn8Q
279,Prasad-Rudrawadi-19,1737798038478,3,32930,26262,98792,3.3333333333333335,0,10,10,2,SUCCESS,32930,_2O8rCn7TIai4y-Pg77Mfg
280,TechnicalLoop#7015,1737576005464,3,32998,29600,98995,1.6666666666666667,0,5,5,1,SUCCESS,32998,WhuIvibeT2yyTy_TVBCKbw
281,HelpfulArchitect#6232,1736487821083,3,33045,26266,99135,3.0,0,8,9,2,SUCCESS,33045,-wIXiYdYQ3OvJiZfRJumcQ
282,GuillermoCity-Garden#8480,1737042567817,3,33086,28255,99258,3.0,0,9,9,1,SUCCESS,33086,7fy1Yvw7RRmxlX9Xt7dttg
283,MobileSemicolon#5655,1737040503965,3,33152,32061,99456,0.0,0,0,0,5,SUCCESS,33152,lcChI0ozSFuQb2G7G_AKag
284,EgoRacer-JordiRL-Estatut,1736957470629,3,33217,32800,99652,4.0,0,12,12,4,SUCCESS,33217,e6yL_3-QQQum_FbV_xlP8g
285,UrgentArithmetic#6152,1737147143861,3,33264,29264,99792,0.6666666666666666,0,2,2,1,SUCCESS,33264,XwAfZxOAQqiK62FEzimaWA
286,AtomicDescriptor#5484,1737106225845,3,33354,31667,100062,0.3333333333333333,0,1,1,1,SUCCESS,33354,Ks2PKzpwRZGDYY4tdunn3Q
287,ProgrammingTech#5759,1736955305631,3,33398,31331,100196,0.3333333333333333,0,1,1,1,SUCCESS,33398,O1yXXaKyQgmHBWADp101iA
288,AutomatedDeadline#4284,1736991070975,3,33774,32866,101324,0.0,0,0,0,1,SUCCESS,33774,JyJymY1KRWO2PUaDoFjG3A
289,HelpfulMachine#3037,1736881183217,3,33775,19387,101326,3.6666666666666665,0,11,11,1,SUCCESS,33775,d_nrK8gQQquFbpoYaW7D8g
290,FormulaicPackage#0617,1737711146162,3,33863,21260,101590,3.3333333333333335,0,10,10,10,SUCCESS,33863,Zt0YblzrTby1HodleJ9c5A
291,BooleanUpgrade#7742,1737737954478,3,33996,30724,101988,2.6666666666666665,0,8,8,1,SUCCESS,33996,C1sIfZI7QnqNtDA5zkBDtA
292,MechanicalShell#2686,1737377427243,3,34019,28393,102058,4.0,0,12,12,5,SUCCESS,34019,Yr3W3GI_QziWvmJ4DYej8w
293,ReferenceError#9472,1737327584465,3,34020,30467,102061,0.6666666666666666,0,2,2,1,SUCCESS,34020,uSx7cIhtRLWx3OkEtxftBQ
294,AM730,1737473611483,3,34087,23596,102261,4.0,0,12,12,3,SUCCESS,34087,BVyCq7XIT-ObuDsJfFVtDA
295,ASCIIDebugger#6988,1736958424370,3,34245,33729,102736,0.0,0,0,0,1,SUCCESS,34245,C-ID6p_uRVS22tp0YEd8mg
296,queSeaLoQueDiosQuiera#53,1737028938475,3,34265,33735,102797,4.0,0,12,12,2,SUCCESS,34265,Prd88RpaSwm6hZhmZBEtNw
297,UpgradedMethod#8159,1737125771422,3,34308,30804,102926,0.6666666666666666,0,2,2,1,SUCCESS,34308,C1jUrVqeQ-6pb7lV2gegrw
298,MechanicalHacker#9182,1737717504538,3,34330,24866,102992,2.6666666666666665,0,8,8,1,SUCCESS,34330,9_q2olfWRc-6R8DRo6JRzg
299,TabletContext#6368,1737722788936,3,34419,33998,103257,0.0,0,0,0,3,SUCCESS,34419,qLqrIuiARFGh9-uTgK7Hlg
300,PythonTester#7608,1736535962863,3,34422,34197,103267,4.0,0,12,12,1,SUCCESS,34422,wogscNA9Svq2oFDtRH2iZg
301,GammaLambda#9390,1736383805601,3,34486,32656,103459,0.3333333333333333,0,1,1,2,SUCCESS,34486,yqK2mU2aTWqqUp28yBuLUg
302,NTSH#11325,1736395587713,3,34797,20273,104392,3.6666666666666665,0,11,11,2,SUCCESS,34797,9sQeW3rwSuSTGHM3VD5P9A
303,NitroBoostM,1737638177490,3,34853,30218,104559,4.0,0,12,12,2,SUCCESS,34853,BbeYnzdXRcmOwq351apTXQ
304,ProvisionalCoder#1997,1736441656015,3,34911,30932,104734,2.6666666666666665,0,8,8,1,SUCCESS,34911,9BoHhzoMSOSm6tIXAtYZnA
305,ProcessingBreaker#0979,1736787777972,3,34931,32664,104795,0.3333333333333333,0,1,1,1,SUCCESS,34931,Wao4uLSZQ4-8XkmnWd_bJQ
306,AsynchronousExpression#9295,1737577118313,3,35021,27674,105063,2.3333333333333335,0,7,7,1,SUCCESS,35021,BMQeSNTBQJea2ztksA374w
307,ConnectedCoder#4831,1736616980148,3,35507,33790,106523,1.3333333333333333,0,4,4,2,SUCCESS,35507,UC_ENO8xRiGAMXJ9Wxc18g
308,Daigo,1736324900300,3,35508,31738,106526,3.6666666666666665,0,11,11,2,SUCCESS,35508,csxD4OFuSE2tBQcmuU6xwg
309,ComplexObject#4940,1737693764192,3,35642,31196,106928,3.0,0,9,9,12,SUCCESS,35642,3RY6hoRvRWCiGvRZ-HzoAw
310,ComplicatedDiff#4489,1737569833164,3,35685,34532,107055,0.0,0,0,0,1,SUCCESS,35685,hKW4p5_IRrK5B-FS5OJ5YA
311,DesktopArithmetic#1819,1736483775795,3,35866,30924,107598,4.0,0,12,12,2,SUCCESS,35866,wiIxCamQQ9eBkeOQCGvPKg
312,UpgradedMethod#1413,1737047501041,3,35885,30132,107657,1.0,0,3,3,1,SUCCESS,35885,CBZChzfjSVK9rfv9FuWtDQ
313,BlockchainEvaluation#8519,1736442068046,3,36129,34000,108388,3.3333333333333335,0,10,10,1,SUCCESS,36129,2UOvwWWmT2WkY7lsa7q4gw
314,PathingPatch#3647,1736251681441,3,36486,36129,109460,0.0,0,0,0,1,SUCCESS,36486,4aiVDxJfQJ6aieQ9W9y4JQ
315,ParametricBreaker#3456,1736441913963,3,36530,35262,109592,0.0,0,0,0,1,SUCCESS,36530,bbtcFgxHRm-bkusTOF_84Q
316,UpgradedExpert#5304,1737577324711,3,36532,23393,109597,3.3333333333333335,0,10,10,2,SUCCESS,36532,429Y6jWsSDKZJ-Ty_KQUpQ
317,UpdatedDocumentation#9610,1737732454381,3,36700,32700,110100,1.6666666666666667,0,5,5,2,SUCCESS,36700,aWNKYnVCTkG_4qnebI4_QA
318,ComplicatedObject#5301,1736459040859,3,36708,31398,110126,1.0,0,3,3,2,SUCCESS,36708,awYxH4j5Qu6N-ONq-Bxx_Q
319,MachineFormula#2307,1736360025721,3,36777,32129,110331,2.0,0,6,6,1,SUCCESS,36777,qRJf0sDMTI2vpKnvdMMKRA
320,CreativeLanguage#5697,1736418336705,3,36885,36522,110657,1.0,0,3,3,1,SUCCESS,36885,z37_SEv-TeKnTKm20pgmAg
321,MemoryScope#4872,1736395452699,3,37220,31534,111661,1.0,0,3,3,1,SUCCESS,37220,_o4xxvPQRui27w5ea_OIBQ
322,FunctionalScope#8148,1737366208355,3,37420,35534,112262,1.3333333333333333,0,4,4,2,SUCCESS,37420,2mMc823OShitbJc5rM-XkA
323,UpdatedLog#7566,1736245953798,3,37508,35530,112526,1.3333333333333333,0,4,4,1,SUCCESS,37508,Y-9xUENqSwWSUt8mE1gCyw
324,IterableCallback#5039,1736246242349,3,37596,37384,112789,1.0,0,3,3,1,SUCCESS,37596,6roQKhWGRjiBxNKe2cP04g
325,ReferenceClass#6200,1736428562503,3,37820,27794,113461,1.6666666666666667,0,5,5,2,SUCCESS,37820,XUal97oKRY-XR7RaOR0Ifw
326,NTSH#11721,1736394904931,3,37974,35998,113924,2.3333333333333335,0,7,7,1,SUCCESS,37974,CGxLBDXDStmGdRFOxRP7Hw
327,vnu#ba0213038,1736232402647,3,38129,33793,114389,1.6666666666666667,0,5,5,1,SUCCESS,38129,x3qHbwdySii4f6HEzPw6zg
328,UpgradedDiff#8242,1736246788641,3,38797,38599,116391,1.0,0,3,3,1,SUCCESS,38797,hHSspw1aQ3OzArq3w_i19w
329,CyberneticPatch#4883,1737753338552,3,39575,33657,118725,2.0,0,6,6,1,SUCCESS,39575,rRk-WwarRyeeaq87tRUnFA
330,QualityFunction#5196,1736442036032,3,39774,24864,119323,2.6666666666666665,0,8,8,1,SUCCESS,39774,zIbxjJDJSd2jdQsHSz9gGg
331,BooleanShell#5516,1736442106965,3,40376,31272,121130,1.6666666666666667,0,5,5,1,SUCCESS,40376,N6xbLiLZTZy53PPe9B3-eg
332,AbstractModel#3254,1736858081396,3,40731,37060,122193,4.666666666666667,0,14,14,1,SUCCESS,40731,i8gIiyjkT86BCT20hHWCSg
333,ContinuousInterface#4678,1736246097614,3,40820,40736,122461,2.0,0,6,6,1,SUCCESS,40820,aiv7ijp2QkyxqwEtNpBcyg
334,ntsh#11009,1736394297297,3,41198,33061,123596,2.3333333333333335,0,7,7,1,SUCCESS,41198,yr0BID6GSp6lcYzCjSbhjQ
335,NullVariable#3156,1736246853195,3,41219,40997,123659,2.0,0,6,6,1,SUCCESS,41219,vzeIzTQ1RoalOacX1vhEGQ
336,ReferenceDebugger#5739,1736961633785,3,41263,40938,123791,2.0,0,6,6,1,SUCCESS,41263,Ee9ZYQlCQZOg_gbmGPu7Kg
337,QualityUpdate#5627,1737131241579,3,41818,37722,125455,1.6666666666666667,0,5,5,1,SUCCESS,41818,I8FEBdxfRuaMBqtLFB9Jqw
338,mamanyo-BIP,1736932458580,3,42044,35464,126134,4.333333333333333,0,13,13,1,SUCCESS,42044,Uw7Ecs_RT8qV5yWn1M58yA
339,RecursiveWorkaround#7572,1737242298843,3,42509,33191,127527,1.6666666666666667,0,5,5,1,SUCCESS,42509,DyJIM_9bTROnGG2e8CKbGQ
340,ntsh#10615,1736394340523,3,42796,35195,128390,3.3333333333333335,0,10,10,1,SUCCESS,42796,TeF1GyRJTpm6VZyjgTHk1A
341,BooleanLog#6484,1736499920750,3,43265,40860,129796,2.3333333333333335,0,7,7,2,SUCCESS,43265,51TLcZhYT_6oiXpXmpPhjA
342,MachineParameter#6943,1736212057679,3,43531,39129,130594,5.666666666666667,0,16,17,3,SUCCESS,43531,ilQk02NNTpaLaylF4pAXOw
343,10xArray#3575,1736382536458,3,43820,30933,131461,2.3333333333333335,0,7,7,1,SUCCESS,43820,JyFUu0htQaO0QnkQxPyVww
344,BlockchainLog#9056,1736711266055,3,43842,41868,131527,2.3333333333333335,0,7,7,1,SUCCESS,43842,2VXYUf2aQ16IWd5UOnrQBg
345,Croissant#1234,1737576304109,3,43929,41798,131787,5.333333333333333,0,16,16,1,SUCCESS,43929,B1XEBvQ9Tk6IzN10ijvidQ
346,MobileArray#3533,1736612759056,3,43931,40328,131793,2.6666666666666665,0,8,8,1,SUCCESS,43931,Ead_F1cET22tTrFY0Br6Dw
347,JavaResource#7762,1736389132885,3,44109,43800,132328,6.0,0,18,18,1,SUCCESS,44109,L2mEIE-5TvKpsCZKxA0njg
348,LoopingSystem#6855,1736418962891,3,44641,44529,133923,6.0,0,18,18,1,SUCCESS,44641,gu2iCPuVQTCinoWHZU3g6A
349,434560488412-SG23-melvincwng,1736782205848,3,44840,28925,134520,6.0,0,18,18,1,SUCCESS,44840,TLY5pNpVRCSAD9h9TRM_ZQ
350,TDS,1737657847866,3,44953,36401,134861,5.333333333333333,0,16,16,1,SUCCESS,44953,0yucHm4oQP2AlvYQcHg3-w
351,DXPF#demo,1737561329929,3,45131,29662,135395,5.666666666666667,0,17,17,1,SUCCESS,45131,QfrZ05t4TAq3i5ugzYirOg
352,TestableTech#8103,1736254448017,3,45509,36321,136529,5.666666666666667,0,17,17,1,SUCCESS,45509,Dyhy1swcT3a0GikD9BgrGA
353,HashableContext#4777,1737384943373,3,45509,34661,136528,3.0,0,9,9,1,SUCCESS,45509,58Q9w9HPT36dCh2YkmKD-g
354,CriticalSandbox#4967,1736245953752,3,45731,45468,137194,3.0,0,9,9,1,SUCCESS,45731,L3qoyxEuTCaVVMcX-7bHsg
355,MemoryGame#8346,1736439554155,3,46176,43197,138529,1.3333333333333333,0,4,4,3,SUCCESS,46176,CBVPiso-Tn2-sPg4WIOrYw
356,LoopingScope#5566,1736386773860,3,46241,38857,138723,6.333333333333333,0,19,19,3,SUCCESS,46241,UnVwK4ExTKuZUU4b6hJrvA
357,ababshet-chwy,1737756886475,3,46310,46193,138930,4.0,0,12,12,3,SUCCESS,46310,7SaGlqrBQMec2aTXYzRwKQ
358,ProgrammingUpdate#7993,1736379373409,3,46710,39794,140131,2.0,0,6,6,1,SUCCESS,46710,iRgeywtaS2WUZV1H6tZuXw
359,neverlandFlower,1736795816193,3,46713,44797,140140,2.3333333333333335,0,7,7,1,SUCCESS,46713,U0nQ4fr-Sl6ZJGIq4V44kA
360,ntsh#10434,1736394904849,3,46911,36066,140733,3.0,0,9,9,1,SUCCESS,46911,fJtm3sbeQfu1q9UJVjEtzg
361,pn-ci,1737577207176,3,47063,42861,141191,4.666666666666667,0,14,14,1,SUCCESS,47063,HYENB9YRRCK_W11AFympVw
362,NTSH#11715,1736395625211,3,47466,47191,142398,3.0,0,9,9,1,SUCCESS,47466,JXLgGubmSG6Jf2Zys2ymYw
363,AlphaArray#9785,1736228698025,3,47687,42403,143062,3.0,0,9,9,1,SUCCESS,47687,-zbB4SYYQbK5f6F_niHtMg
364,AbstractAttention#1270,1736944290839,3,48019,47603,144057,6.0,0,18,18,1,SUCCESS,48019,-oR4ox2GQCKJE8AFvZAIPA
365,GenerativeSlice#2850,1736966783056,3,48215,37600,144645,7.0,0,21,21,8,SUCCESS,48215,Ta1cnT1_Q6-FnwfGyxQHZw
366,FungibleNetwork#3070,1736355469450,3,48574,47058,145724,1.3333333333333333,0,4,4,2,SUCCESS,48574,OrwO27qWQiSiOi6x-WHLZA
367,SequentialDescriptor#4029,1737437615604,3,48797,37999,146391,6.0,0,18,18,2,SUCCESS,48797,UBU_HtS1RNS2E4ozqxDEAA
368,ntsh#10709,1736397963169,3,48885,48590,146657,3.0,0,9,9,1,SUCCESS,48885,LtDolb4sTNKkzsMkFxH9hw
369,SquareDebugger#4874,1736380275040,3,49864,44589,149593,7.0,0,21,21,1,SUCCESS,49864,NM4plAQmS6uWG4go_bAwmQ
370,AndrewD,1737645192791,3,49931,40926,149795,6.666666666666667,0,20,20,1,SUCCESS,49931,hyBODeEXTIeVuja7jrzB8Q
371,shrpat,1737436226830,3,50136,43007,150408,6.333333333333333,0,19,19,1,SUCCESS,50136,qsAjLr0yTxanOmLAJZ1s4w
372,RobertoMartinRomo,1736521618187,3,50220,44203,150660,3.0,0,9,9,1,SUCCESS,50220,Nnhy3_bkQiSpUMN6eRr6YA
373,ComplexDescriptor#4763,1736283997748,3,50266,45130,150800,7.0,0,21,21,2,SUCCESS,50266,JpjwZuFfQDqj3v573qSqMw
374,DraftDocumentation#6729,1736350654332,3,50276,44958,150828,4.0,0,12,12,1,SUCCESS,50276,HMXokYMCSg2sCnmRL3Pwwg
375,Anubhav,1737576168258,3,50907,45121,152722,6.0,0,18,18,1,SUCCESS,50907,Ec7EKxBPQcSW5p2Tlq3lXA
376,VNU#BB0210026,1736503034533,3,51642,42533,154927,6.666666666666667,0,20,20,1,SUCCESS,51642,u0vM1OdOTLqb_sshaRUCog
377,NestedArithmetic#1491,1736382583151,3,52529,44400,157587,7.333333333333333,0,22,22,1,SUCCESS,52529,iRuAhL8bRv2MxkND1vnQbQ
378,CriticalLambda#2412,1736245664943,3,53709,51738,161128,4.333333333333333,0,13,13,1,SUCCESS,53709,z1UYMvxHTTCJqcjLFoHnYA
379,ntsh#10606,1736397116259,3,53710,49870,161131,6.666666666666667,0,20,20,2,SUCCESS,53710,qNOybKikQ_Wdb8AFfpb2Zg
380,franelracer#0694,1736439816490,3,53953,32600,161861,5.666666666666667,0,17,17,2,SUCCESS,53953,JbFHsYK2SJ6iqOncVRlxRg
381,FungibleSwitch#6786,1736538311563,3,54196,52539,162588,7.333333333333333,0,22,22,1,SUCCESS,54196,E-Z6xBs1TjWNMdvRuQO8hw
382,NTSH#310364,1736394447210,3,54198,53865,162596,4.0,0,12,12,1,SUCCESS,54198,G3S-VswrSkil4LEF2UhTwQ
383,TestingLoop#2513,1737027295195,3,56111,53399,168335,3.6666666666666665,0,11,11,1,SUCCESS,56111,SPLjdXNeToWSky40pY_38w
384,VNU#BB0210032,1736315905912,3,56972,42329,170918,7.666666666666667,0,23,23,3,SUCCESS,56972,atx9mqJIRmGWiCl9Vm1ILw
385,ComplexClass#2547,1736939790611,3,57154,53330,171464,4.666666666666667,0,14,14,2,SUCCESS,57154,Qp12Tzr-QlmUVOouRTH9GQ
386,PythonFormula#7405,1736851729865,3,58754,53335,176262,5.0,0,15,15,1,SUCCESS,58754,GyC2LI8ASIyRDzYVav7sag
387,ntsh#310087,1736394345656,3,60665,51329,181995,7.666666666666667,0,23,23,1,SUCCESS,60665,H5-Dr8jDRhym2yMmTia4sA
388,ComplicatedSemicolon#3931,1736441580048,3,60841,53328,182525,5.333333333333333,0,16,16,1,SUCCESS,60841,1IwO12akRvu9XVBrRQVP_g
389,FuturisticCallback#4572,1737166605233,3,61753,57862,185259,5.666666666666667,0,17,17,2,SUCCESS,61753,7r91e15hQ7y8aojrdcFA7g
390,QualityTester#9272,1736301673952,3,62041,53994,186124,9.333333333333334,0,28,28,1,SUCCESS,62041,GYIICtPFRF-4eql0wi5aNA
391,StructuredToken#7009,1736247163612,3,62377,58332,187132,5.666666666666667,0,17,17,1,SUCCESS,62377,DFFvHLwKSaGXZz-A3QBk4Q
392,UsableError#8718,1736378102592,3,64065,63731,192195,6.0,0,18,18,1,SUCCESS,64065,IxlEB3RARc6duXYuZSMLJw
393,YermanTuring#IABDPros,1736981046312,3,66930,57792,200791,9.666666666666666,0,29,29,1,SUCCESS,66930,--3XrolBSymWC7pnevxCGw
394,Reference486#8819,1736496077913,3,67598,54992,202795,10.333333333333334,0,31,31,1,SUCCESS,67598,MSrlwEm3TjWhqPX5fNnkaQ
395,ntsh#10603,1736392596660,3,69713,58002,209141,8.0,0,24,24,1,SUCCESS,69713,PAkSJc7pRwGxfd_fmxXRpw
396,FuturisticNumber#3683,1736939908658,3,70554,65737,211662,9.0,0,27,27,1,SUCCESS,70554,0U8yF32FS6SzaDE5rEx0Tw
397,Echo1911,1736762964864,3,71511,67466,214535,10.666666666666666,0,32,32,1,SUCCESS,71511,4WgpazINRpS1KD3yKMjkrA
398,ConnectedSpec#6653,1736908630004,3,72063,53131,216191,11.333333333333334,0,34,34,1,SUCCESS,72063,gEr6kqzsT3eMNAvRiT7P2g
399,TestingFormula#5685,1736286956462,3,72218,66796,216655,8.0,0,24,24,1,SUCCESS,72218,bHj8z-guS_2aHjoE7h0mng
400,UpdatedExpert#9334,1736987282168,3,73246,64678,219738,7.666666666666667,0,23,23,2,SUCCESS,73246,B8Z7bFtSRyO9JASKo_AF_w
401,BetaArray#3538,1736592464408,3,73841,72060,221523,9.333333333333334,0,28,28,1,SUCCESS,73841,8ZOiwe1aT3CSPLlDckgopA
402,ntsh#11003,1736394826796,3,74047,68065,222143,10.0,0,30,30,1,SUCCESS,74047,RzljuPf4RVG40kKcJENYoA
403,NeuralPatch#6874,1736433805213,3,74200,66400,222600,11.333333333333334,0,34,34,1,SUCCESS,74200,c9iR5qdoRJyE9bIT-k7bpw
404,ImportantFormula#2367,1736318934330,3,75842,70926,227528,10.333333333333334,0,31,31,2,SUCCESS,75842,K0C5FvOJQ9-0ygWoud-dLg
405,GenerativeSpec#3248,1736939294937,3,75907,66058,227721,10.0,0,30,30,1,SUCCESS,75907,QT9wTCbZR3aAPSxY6i7z0g
406,WebAttention#7054,1737076939796,3,79330,75859,237991,11.666666666666666,0,35,35,1,SUCCESS,79330,IUyidsJURaOlN7JbgpbmMA
407,ArtificialPresentation#1697,1736247925630,3,79752,75927,239256,8.666666666666666,0,26,26,1,SUCCESS,79752,vTgNm340Q2-d_mLx2A9hyg
408,AlphaNode#3315,1736237607786,3,81686,76463,245059,9.0,0,27,27,1,SUCCESS,81686,vshRPA5jT96ZM987FgqIHA
409,AgileNumber#9317,1736212497204,3,82287,73062,246861,12.666666666666666,0,38,38,1,SUCCESS,82287,1w0cSi0VRMmxO4ScE6h8wQ
410,AccessibleServer#7530,1736235390416,3,92242,86201,276728,11.0,0,33,33,2,SUCCESS,92242,vARH1bRpTDCxzrTU16W_og
411,HigherSequence#7001,1736316897688,3,92685,92591,278057,11.0,0,33,33,1,SUCCESS,92685,fEb726uXSPimagzsw0E2MA
412,GlobalTest#1075,1736211159221,3,93197,86133,279593,11.333333333333334,0,34,34,1,SUCCESS,93197,T6bMeeoKQUqIb641inbgow
413,ConnectedHypothesis#7183,1737095798945,3,93932,89997,281797,11.666666666666666,0,35,35,1,SUCCESS,93932,h3pRI1jOR42h74-gTcWrNw
414,QualityContext#0449,1736545843774,3,94907,91190,284723,11.666666666666666,0,35,35,1,SUCCESS,94907,B9qTJPn2TxG3B1iDTlH2zA
415,ThisDocumentation#0617,1736329803389,3,94976,85723,284929,11.666666666666666,0,35,35,1,SUCCESS,94976,_fpkOBNBR9unAMJARlT3ig
416,SuperLossCar,1737637929681,3,95197,85934,285593,11.666666666666666,0,35,35,1,SUCCESS,95197,ryECwJH4QDy5V-_DgZbIzQ
417,DeepTable#8289,1737411139955,3,96731,85993,290194,12.0,0,36,36,1,SUCCESS,96731,nATPNyvkSpme84w5BLgvdQ
418,Veda2020InfiniteSchema#7060,1736515932089,3,96775,86395,290325,12.0,0,36,36,1,SUCCESS,96775,y0P9Y9pxSoeY5JCIdHYfog
419,DigitalResource#7504,1736912195764,3,100730,80793,302190,12.666666666666666,0,38,38,1,SUCCESS,100730,osSMCVqBTyaiE80sO7Qz5w
420,UrgentConsole#9187,1736939264930,3,103664,96066,310992,13.333333333333334,0,40,40,1,SUCCESS,103664,HuzrEovlQ8y_W6WYpUFcCg
421,ArtificialDescriptor#6145,1736813283904,3,109374,100325,328123,17.666666666666668,0,53,53,1,SUCCESS,109374,57dVo9hkSMKFDC6sbeFKug
422,ImportantSemicolon#7333,1736256053079,3,112420,93123,337260,14.666666666666666,0,44,44,1,SUCCESS,112420,61HgwGuXSVu7ZAQCESgcOw
423,CodeArithmetic#0610,1737049018831,3,120563,105822,361690,19.666666666666668,0,59,59,1,SUCCESS,120563,T1gaqRqdQ2iSvAHp0h5zlQ
